code_2015,name_2015,weight_2015,code_2020,name_2020,weight_2020,relation
1001,うるち米Ａ,25,1001,うるち米Ａ,23,1:1
1002,うるち米Ｂ,34,1002,うるち米Ｂ,39,1:1
1021,食パン,30,1021,食パン,32,1:1
1022,あんパン,30,1022,あんパン,35,1:1
1023,カレーパン,24,1023,カレーパン,18,1:1
1031,ゆでうどん,10,1031,ゆでうどん,10,1:1
1041,干しうどん,7,1041,そうめん,6,1:1
1042,スパゲッティ,3,1042,スパゲッティ,4,1:1
1051,カップ麺,16,1051,カップ麺,20,1:1
1052,中華麺,11,1052,中華麺,12,1:1
1071,小麦粉,4,1071,小麦粉,3,1:1
1081,もち,11,1081,もち,7,1:1
1101,まぐろ,23,1101,まぐろ,22,1:1
1102,あじ,6,1102,あじ,4,1:1
1103,いわし,3,1103,いわし,2,1:1
1104,かつお,7,1104,かつお,6,1:1
1106,さけ,19,1106,さけ,21,1:1
1107,さば,5,1107,さば,4,1:1
1108,さんま,5,1108,さんま,3,1:1
1110,たい,5,1110,たい,4,1:1
1111,ぶり,14,1111,ぶり,12,1:1
1112,いか,9,1112,いか,7,1:1
1113,たこ,5,1113,たこ,5,1:1
1114,えび,13,1114,えび,12,1:1
1131,あさり,4,1131,あさり,3,1:1
1132,かき（貝）,3,1132,かき（貝）,2,1:1
1133,ほたて貝,3,1133,ほたて貝,3,1:1
1141,塩さけ,11,1141,塩さけ,10,1:1
1142,たらこ,11,1142,たらこ,9,1:1
1143,しらす干し,7,1143,しらす干し,7,1:1
1144,干しあじ,4,1144,干しあじ,3,1:1
1146,煮干し,2,1146,煮干し,2,1:1
1150,ししゃも,2,1150,ししゃも,2,1:1
1151,揚げかまぼこ,8,1151,揚げかまぼこ,7,1:1
1152,ちくわ,6,1152,ちくわ,5,1:1
1153,かまぼこ,10,1153,かまぼこ,10,1:1
1161,かつお節,3,1161,かつお節,3,1:1
1165,魚介漬物,11,1165,魚介漬物,11,1:1
1166,魚介つくだ煮,4,1166,魚介つくだ煮,4,1:1
1167,いくら,4,1167,いくら,4,1:1
1173,魚介缶詰,9,1173,魚介缶詰,11,1:1
1201,牛肉（国産品）,43,1201,牛肉（国産品）,39,1:1
1203,牛肉（輸入品）,18,1203,牛肉（輸入品）,26,1:1
1211,豚肉Ａ,43,1211,豚肉（国産品）,54,1:1
1221,鶏肉,43,1221,鶏肉,45,1:1
1252,ハム,18,1252,ハム,14,1:1
1261,ソーセージ,23,1261,ソーセージ,21,1:1
1271,ベーコン,8,1271,ベーコン,8,1:1
1303,牛乳（店頭売り）,39,1303,牛乳,41,1:1
1311,粉ミルク,2,1311,粉ミルク,2,1:1
1321,バター,3,1321,バター,3,1:1
1331,チーズ（国産品）,8,1331,チーズ（国産品）,10,1:1
1332,チーズ（輸入品）,5,1332,チーズ（輸入品）,7,1:1
1333,ヨーグルト,33,1333,ヨーグルト,37,1:1
1341,鶏卵,25,1341,鶏卵,25,1:1
1401,キャベツ,11,1401,キャベツ,10,1:1
1402,ほうれんそう,8,1402,ほうれんそう,7,1:1
1403,はくさい,5,1403,はくさい,4,1:1
1405,ねぎ,11,1405,ねぎ,11,1:1
1406,レタス,10,1406,レタス,9,1:1
1407,もやし,4,1407,もやし,4,1:1
1409,ブロッコリー,7,1409,ブロッコリー,8,1:1
1410,アスパラガス,5,1410,アスパラガス,5,1:1
1411,さつまいも,3,1411,さつまいも,3,1:1
1412,じゃがいも,8,1412,じゃがいも,7,1:1
1413,さといも,3,1413,さといも,2,1:1
1414,だいこん,6,1414,だいこん,5,1:1
1415,にんじん,7,1415,にんじん,7,1:1
1416,ごぼう,3,1416,ごぼう,3,1:1
1417,たまねぎ,10,1417,たまねぎ,10,1:1
1419,れんこん,3,1419,れんこん,3,1:1
1420,ながいも,5,1420,ながいも,5,1:1
1421,しょうが,2,1421,しょうが,2,1:1
1430,えだまめ,3,1430,えだまめ,3,1:1
1432,さやいんげん,3,1432,さやいんげん,3,1:1
1433,かぼちゃ,5,1433,かぼちゃ,5,1:1
1434,きゅうり,10,1434,きゅうり,10,1:1
1435,なす,6,1435,なす,6,1:1
1436,トマト,24,1436,トマト,24,1:1
1437,ピーマン,6,1437,ピーマン,7,1:1
1438,生しいたけ,9,1438,生しいたけ,9,1:1
1442,えのきたけ,6,1442,えのきたけ,5,1:1
1443,しめじ,8,1443,しめじ,8,1:1
1453,干ししいたけ,2,1453,干ししいたけ,1,1:1
1461,干しのり,10,1461,干しのり,11,1:1
1462,わかめ,5,1462,わかめ,6,1:1
1463,こんぶ,4,1463,こんぶ,3,1:1
1464,ひじき,3,1464,ひじき,3,1:1
1471,豆腐,16,1471,豆腐,15,1:1
1472,油揚げ,9,1472,油揚げ,8,1:1
1473,納豆,10,1473,納豆,13,1:1
1481,こんにゃく,6,1481,こんにゃく,5,1:1
1482,梅干し,7,1482,梅干し,8,1:1
1483,だいこん漬,6,1483,だいこん漬,6,1:1
1485,こんぶつくだ煮,5,1485,こんぶつくだ煮,4,1:1
1486,はくさい漬,3,1486,はくさい漬,3,1:1
1487,キムチ,7,1487,キムチ,7,1:1
1491,野菜缶詰,2,1491,野菜缶詰,3,1:1
1502,りんごＢ,13,1502,りんご,13,1:1
1511,みかん,15,1511,みかん,15,1:1
1515,オレンジ,2,1515,オレンジ,2,1:1
1517,しらぬひ,2,1517,しらぬひ,2,1:1
1521,梨,6,1521,梨,5,1:1
1531,ぶどうＡ,3,1531,ぶどうＡ,3,1:1
1532,ぶどうＢ,5,1532,ぶどうＢ,6,1:1
1541,柿,3,1541,柿,3,1:1
1551,桃,4,1551,桃,3,1:1
1561,すいか,4,1561,すいか,4,1:1
1563,メロン,3,1563,メロン,3,1:1
1571,いちご,11,1571,いちご,10,1:1
1572,さくらんぼ,3,1572,さくらんぼ,2,1:1
1581,バナナ,15,1581,バナナ,15,1:1
1582,キウイフルーツ,5,1582,キウイフルーツ,6,1:1
1601,食用油,11,1601,食用油,11,1:1
1602,マーガリン,2,1602,マーガリン,2,1:1
1611,食塩,2,1611,食塩,2,1:1
1621,しょう油,7,1621,しょう油,6,1:1
1631,みそ,8,1631,みそ,8,1:1
1632,砂糖,5,1632,砂糖,4,1:1
1633,酢,3,1633,酢,3,1:1
1641,ソース,3,1641,ソース,3,1:1
1642,ケチャップ,2,1642,ケチャップ,2,1:1
1643,マヨネーズ,4,1643,マヨネーズ,5,1:1
1644,ジャム,5,1644,ジャム,4,1:1
1645,ドレッシング,8,1645,ドレッシング,8,1:1
1652,カレールウ,5,1652,カレールウ,5,1:1
1653,乾燥スープ,10,1653,乾燥スープ,13,1:1
1654,風味調味料,8,1654,風味調味料,9,1:1
1655,たれ,5,1655,たれ,6,1:1
1656,ふりかけ,6,1656,ふりかけ,6,1:1
1657,合わせ調味料,4,1657,合わせ調味料,9,1:1
1658,パスタソース,4,1658,パスタソース,5,1:1
1659,つゆ,11,1659,つゆ,12,1:1
1701,ようかん,10,1701,ようかん,9,1:1
1702,まんじゅう,17,1702,まんじゅう,13,1:1
1703,だいふく餅,15,1703,だいふく餅,14,1:1
1711,カステラ,5,1711,カステラ,5,1:1
1712,ケーキ,25,1712,ケーキ,25,1:1
1713,シュークリーム,8,1713,シュークリーム,6,1:1
1714,プリン,8,1714,プリン,10,1:1
1715,ロールケーキ,11,1715,ロールケーキ,10,1:1
1721,ビスケット,13,1721,ビスケット,14,1:1
1732,キャンデー,8,1732,キャンデー,8,1:1
1741,せんべい,21,1741,せんべい,20,1:1
1761,チョコレート,26,1761,チョコレート,30,1:1
1772,落花生,2,1772,落花生,3,1:1
1781,チューインガム,3,1781,チューインガム,3,1:1
1782,アイスクリーム,32,1782,アイスクリーム,35,1:1
1783,ポテトチップス,16,1783,ポテトチップス,18,1:1
1784,ゼリー,11,1784,ゼリー,13,1:1
1791,弁当Ａ,23,1791,弁当Ａ,25,1:1
1792,調理パン,16,1792,調理パン,18,1:1
1793,おにぎり,14,1793,おにぎり,15,1:1
1794,冷凍調理ピラフ,6,1794,冷凍米飯,7,1:1
1795,すし（弁当）Ａ,28,1795,すし（弁当）Ａ,29,1:1
1796,調理パスタ,4,1796,調理パスタ,5,1:1
1797,弁当Ｂ,23,1797,弁当Ｂ,25,1:1
1798,すし（弁当）Ｂ,14,1798,すし（弁当）Ｂ,15,1:1
1799,調理ピザパイ,4,1799,調理ピザ,5,1:1
1801,うなぎかば焼き,10,1801,うなぎかば焼き,9,1:1
1802,焼き魚,14,1802,焼き魚,10,1:1
1811,サラダ,17,1811,サラダ,19,1:1
1812,煮豆,3,1812,煮豆,7,1:1
1813,きんぴら,14,1813,きんぴら,2,1:1
1814,焼豚,14,1814,焼豚,10,1:1
1821,コロッケ,14,1821,コロッケ,12,1:1
1831,豚カツ,13,1831,豚カツ,13,1:1
1842,からあげ,28,1842,からあげ,30,1:1
1843,やきとり,8,1843,やきとり,9,1:1
1851,冷凍調理コロッケ,13,1851,冷凍調理コロッケ,6,1:1
1852,冷凍調理ハンバーグ,13,1852,冷凍調理ハンバーグ,9,1:1
1871,調理カレー,5,1871,調理カレー,15,1:1
1881,ぎょうざ,12,1881,ぎょうざ,11,1:1
1891,混ぜごはんのもと,2,1891,混ぜごはんのもと,7,1:1
1902,緑茶,14,1902,緑茶,13,1:1
1911,紅茶,3,1911,紅茶,3,1:1
1914,茶飲料,18,1914,茶飲料,22,1:1
1921,インスタントコーヒー,8,1921,インスタントコーヒー,9,1:1
1922,コーヒー豆,8,1922,コーヒー豆,9,1:1
1923,コーヒー飲料Ａ,13,1923,コーヒー飲料Ａ,13,1:1
1924,コーヒー飲料Ｂ,3,1924,コーヒー飲料Ｂ,3,1:1
1930,果実ジュース,9,1930,果実ジュース,7,1:1
1931,果汁入り飲料,7,1931,果汁入り飲料,7,1:1
1941,野菜ジュース,13,1941,野菜ジュース,14,1:1
1951,炭酸飲料,17,1951,炭酸飲料,20,1:1
1972,乳酸菌飲料,13,1972,乳酸菌飲料,15,1:1
1981,スポーツドリンク,5,1981,スポーツドリンク,5,1:1
1982,ミネラルウォーター,11,1982,ミネラルウォーター,10,1:1
1983,豆乳,4,1983,豆乳,6,1:1
2003,清酒,18,2003,清酒,16,1:1
2011,焼酎,20,2011,焼酎,18,1:1
2012,チューハイ,6,2012,チューハイ,12,1:1
2021,ビール,33,2021,ビール,31,1:1
2026,発泡酒,8,2026,発泡酒,8,1:1
2027,ビール風アルコール飲料,20,2027,ビール風アルコール飲料,19,1:1
2033,ウイスキー,5,2033,ウイスキー,6,1:1
2041,ワイン（国産品）,3,2041,ワイン（国産品）,3,1:1
2042,ワイン（輸入品）,7,2042,ワイン（輸入品）,7,1:1
2101,うどん（外食）,15,2101,うどん（外食）,13,1:1
2102,中華そば（外食）,30,2102,中華そば（外食）,30,1:1
2103,日本そば（外食）,15,2103,日本そば（外食）,13,1:1
2112,スパゲッティ（外食）,11,2112,スパゲッティ（外食）,11,1:1
2121,すし（外食）Ｂ,44,2121,すし（外食）Ｂ,37,1:1
2123,すし（外食）Ａ,24,2123,すし（外食）Ａ,25,1:1
2132,天丼（外食）,18,2132,天丼（外食）,13,1:1
2133,カレーライス（外食）,20,2133,カレーライス（外食）,19,1:1
2134,ぎょうざ（外食）,23,2134,ぎょうざ（外食）,20,1:1
2135,ハンバーガー（外食）,15,2135,ハンバーガー（外食）,22,1:1
2136,牛丼（外食）,13,2136,牛丼（外食）,13,1:1
2141,ハンバーグ（外食）,29,2141,ハンバーグ（外食）,28,1:1
2142,豚カツ定食（外食）,27,2142,豚カツ定食（外食）,26,1:1
2144,ピザパイ（配達）,8,2144,ピザ（配達）,7,1:1
2145,焼肉（外食）,57,2145,焼肉（外食）,48,1:1
2146,しょうが焼き定食（外食）,28,2146,しょうが焼き定食（外食）,7,1:1
2161,サンドイッチ（外食）,15,2161,サンドイッチ（外食）,11,1:1
2162,コーヒー（外食）Ａ,13,2162,コーヒー（外食）Ａ,14,1:1
2163,ドーナツ（外食）,4,2163,ドーナツ（外食）,2,1:1
2164,フライドチキン（外食）,6,2164,フライドチキン（外食）,15,1:1
2165,コーヒー（外食）Ｂ,6,2165,コーヒー（外食）Ｂ,7,1:1
2171,ビール（外食）,55,2171,ビール（外食）,32,1:1
2172,やきとり（外食）,18,2172,やきとり（外食）,21,1:1
2182,学校給食（小学校）,19,2182,学校給食（小学校）,17,1:1
2183,学校給食（中学校）,9,2183,学校給食（中学校）,8,1:1
3000,民営家賃,261,3000,民営家賃,225,1:1
3016,公営家賃,9,3016,公営家賃,15,1:1
3017,都市再生機構・公社家賃,13,3017,都市再生機構・公社家賃,14,1:1
3030,持家の帰属家賃,1499,3030,持家の帰属家賃,1580,1:1
3101,システムバス,11,3101,システムバス,12,1:1
3103,温水洗浄便座,11,3103,温水洗浄便座,8,1:1
3104,給湯機,25,3104,給湯器,31,1:1
3105,システムキッチン,21,3105,システムキッチン,24,1:1
3106,カーポート,4,3106,カーポート,4,1:1
3121,修繕材料,11,3121,修繕材料,13,1:1
3151,畳替え代,4,3151,畳替え代,2,1:1
3171,ふすま張替費,3,3171,ふすま張替費,5,1:1
3172,大工手間代,22,3172,大工手間代,15,1:1
3174,植木職手間代,11,3174,植木職手間代,10,1:1
3175,塀工事費,40,3175,塀工事費,8,1:1
3176,水道工事費,15,3176,水道工事費,16,1:1
3178,外壁塗装費,40,3178,外壁塗装費,47,1:1
3179,駐車場工事費,25,3179,駐車場工事費,25,1:1
3180,火災・地震保険料,59,3180,火災・地震保険料,67,1:1
3185,壁紙張替費,6,3185,壁紙張替費,5,1:1
3500,電気代,356,3500,電気代,341,1:1
3600,都市ガス代,116,3600,都市ガス代,94,1:1
3612,プロパンガス,65,3612,プロパンガス,57,1:1
3701,灯油,41,3701,灯油,38,1:1
3810,水道料,94,3810,水道料,97,1:1
4002,電気炊飯器,11,4002,電気炊飯器,12,1:1
4003,電子レンジ,4,4003,電子レンジ,4,1:1
4011,ガステーブル,3,4011,ガステーブル,2,1:1
4021,電気冷蔵庫,16,4021,電気冷蔵庫,21,1:1
4032,電気掃除機,9,4032,電気掃除機,9,1:1
4042,電気洗濯機（全自動洗濯機）,7,4042,電気洗濯機（全自動洗濯機）,10,1:1
4043,電気洗濯機（洗濯乾燥機）,7,4043,電気洗濯機（洗濯乾燥機）,10,1:1
4063,ルームエアコン,30,4063,ルームエアコン,38,1:1
4072,温風ヒーター,4,4072,温風ヒーター,5,1:1
4075,空気清浄機,3,4075,空気清浄機,3,1:1
4083,食器戸棚,4,4083,食器戸棚,3,1:1
4092,食堂セット,9,4092,食堂セット,5,1:1
4115,照明器具,7,4115,照明器具,5,1:1
4121,カーペット,9,4121,カーペット,7,1:1
4141,カーテン,7,4141,カーテン,6,1:1
4201,ベッド,7,4201,ベッド,7,1:1
4211,布団,11,4211,布団,10,1:1
4251,敷布,3,4251,敷布,2,1:1
4271,布団カバー,3,4271,布団カバー,2,1:1
4301,茶わん,4,4301,茶わん,3,1:1
4302,皿,6,4302,皿,5,1:1
4326,水筒,5,4326,水筒,4,1:1
4331,鍋,7,4331,鍋,6,1:1
4334,フライパン,7,4334,フライパン,9,1:1
4342,スポンジたわし,3,4342,スポンジたわし,3,1:1
4352,電球・ランプ,10,4352,電球・ランプ,7,1:1
4361,タオル,14,4361,タオル,15,1:1
4362,マット,9,4362,マット,7,1:1
4372,物干し用ハンガー,3,4372,物干し用ハンガー,4,1:1
4401,ラップ,5,4401,ラップ,6,1:1
4402,ポリ袋,8,4402,ポリ袋,9,1:1
4403,キッチンペーパー,2,4403,キッチンペーパー,3,1:1
4412,ティシュペーパー,8,4412,ティシュペーパー,9,1:1
4413,トイレットペーパー,13,4413,トイレットペーパー,14,1:1
4431,台所用洗剤,11,4431,台所用洗剤,12,1:1
4441,洗濯用洗剤,17,4441,洗濯用洗剤,17,1:1
4442,柔軟仕上剤,9,4442,柔軟仕上剤,10,1:1
4451,殺虫剤,7,4451,殺虫剤,9,1:1
4471,芳香・消臭剤,6,4471,芳香・消臭剤,8,1:1
4501,家事代行料,4,4501,家事代行料,4,1:1
4515,浄化槽清掃代,12,4515,浄化槽清掃代,12,1:1
4521,リサイクル料金,4,4521,リサイクル料金,5,1:1
4610,下水道料,73,4610,下水道料,67,1:1
4701,モップレンタル料,8,4701,モップレンタル料,7,1:1
5011,婦人用着物,4,5011,婦人用着物,3,1:1
5041,婦人用帯,2,5041,婦人用帯,1,1:1
5101,背広服（春夏物，中級品）,6,5101,背広服（春夏物，中級品）,5,1:1
5102,背広服（秋冬物，中級品）,6,5102,背広服（秋冬物，中級品）,5,1:1
5103,背広服（春夏物，普通品）,4,5103,背広服（春夏物，普通品）,3,1:1
5104,背広服（秋冬物，普通品）,4,5104,背広服（秋冬物，普通品）,3,1:1
5111,男子用上着,7,5111,男子用上着,6,1:1
5121,男子用ズボン（秋冬物）,6,5121,男子用ズボン（秋冬物）,6,1:1
5122,男子用ズボン（春夏物）,7,5122,男子用ズボン（春夏物）,7,1:1
5123,男子用ズボン（ジーンズ）,2,5123,男子用ズボン（ジーンズ）,2,1:1
5131,男子用コート,5,5131,男子用コート,5,1:1
5141,男子用学校制服,5,5141,男子用学校制服,4,1:1
5161,ワンピース（春夏物）,7,5161,ワンピース（春夏物）,6,1:1
5162,婦人用スーツ（秋冬物，中級品）,4,5162,婦人用スーツ（秋冬物，中級品）,3,1:1
5163,ワンピース（秋冬物）,6,5163,ワンピース（秋冬物）,6,1:1
5166,婦人用スーツ（春夏物，中級品）,6,5166,婦人用スーツ（春夏物，中級品）,3,1:1
5167,婦人用スーツ（春夏物，普通品）,3,5167,婦人用スーツ（春夏物，普通品）,2,1:1
5168,婦人用スーツ（秋冬物，普通品）,3,5168,婦人用スーツ（秋冬物，普通品）,2,1:1
5169,スカート（春夏物）,4,5169,スカート（春夏物）,4,1:1
5172,スカート（秋冬物）,4,5172,スカート（秋冬物）,4,1:1
5179,婦人用スラックス（ジーンズ）,16,5179,婦人用スラックス（ジーンズ）,16,1:1
5181,婦人用スラックス（秋冬物）,12,5181,婦人用スラックス（秋冬物）,10,1:1
5182,婦人用コート,14,5182,婦人用コート,11,1:1
5183,婦人用上着,11,5183,婦人用上着,8,1:1
5184,女子用学校制服,5,5184,女子用学校制服,5,1:1
5193,乳児服,3,5193,乳児服,2,1:1
5202,ワイシャツ（長袖）,6,5202,ワイシャツ,6,1:1
5211,男子用スポーツシャツ（長袖）,4,5211,男子用スポーツシャツ（長袖）,4,1:1
5212,男子用スポーツシャツ（半袖）,9,5212,男子用スポーツシャツ（半袖）,8,1:1
5221,男子用セーター,6,5221,男子用セーター,5,1:1
5231,ブラウス（長袖）,4,5231,ブラウス（長袖）,3,1:1
5232,ブラウス（半袖）,7,5232,ブラウス（半袖）,5,1:1
5233,婦人用Ｔシャツ（長袖）,10,5233,婦人用Ｔシャツ（長袖）,8,1:1
5234,婦人用Ｔシャツ（半袖）,14,5234,婦人用Ｔシャツ（半袖）,12,1:1
5241,婦人用セーター（長袖）,15,5241,婦人用セーター（長袖）,11,1:1
5242,婦人用セーター（半袖）,4,5242,婦人用セーター（半袖）,3,1:1
5243,子供用Ｔシャツ（長袖）,3,5243,子供用Ｔシャツ（長袖）,3,1:1
5244,子供用Ｔシャツ（半袖）,3,5244,子供用Ｔシャツ（半袖）,3,1:1
5301,男子用シャツ（半袖）,5,5301,男子用シャツ（半袖）,5,1:1
5311,男子用パンツ,5,5311,男子用パンツ,3,1:1
5331,男子用パジャマ,3,5331,男子用パジャマ,2,1:1
5341,ブラジャー,3,5341,ブラジャー,3,1:1
5351,婦人用ショーツ,8,5351,婦人用ショーツ,8,1:1
5361,ランジェリー,8,5361,ランジェリー,8,1:1
5372,子供用シャツ,4,5372,子供用下着,4,1:1
5501,帽子,6,5501,帽子,5,1:1
5511,ネクタイ,2,5511,ネクタイ,1,1:1
5521,男子用靴下,7,5521,男子用靴下,7,1:1
5531,婦人用ストッキング,3,5531,婦人用ストッキング,2,1:1
5541,婦人用ソックス,9,5541,婦人用ソックス,8,1:1
5571,ベルト,3,5571,ベルト,2,1:1
5572,マフラー,5,5572,マフラー,3,1:1
5601,男子靴,12,5601,男子靴,10,1:1
5611,婦人靴,24,5611,婦人靴,16,1:1
5631,運動靴,14,5631,運動靴,10,1:1
5641,子供靴,3,5641,子供靴,8,1:1
5652,スリッパ,3,5652,スリッパ,2,1:1
5671,サンダル,2,5671,サンダル,1,1:1
5711,洗濯代Ａ,9,5711,クリーニング代Ａ,7,1:1
5712,洗濯代Ｂ,9,5712,クリーニング代Ｂ,7,1:1
5721,履物修理代,2,5721,履物修理代,2,1:1
5731,被服賃借料,4,5731,被服賃借料,3,1:1
6001,総合かぜ薬,10,6001,総合かぜ薬,11,1:1
6002,解熱鎮痛剤,4,6002,解熱鎮痛剤,5,1:1
6003,鼻炎薬,7,6003,鼻炎薬,8,1:1
6012,胃腸薬,8,6012,胃腸薬,9,1:1
6021,ビタミン剤Ａ,3,6021,ビタミン剤Ａ,4,1:1
6022,ビタミン剤Ｂ,3,6022,ビタミン剤Ｂ,4,1:1
6031,ドリンク剤,22,6031,ドリンク剤,19,1:1
6051,皮膚病薬,5,6051,皮膚病薬,7,1:1
6061,はり薬,6,6061,はり薬,6,1:1
6062,目薬,6,6062,目薬,8,1:1
6090,健康保持用摂取品Ａ,20,6090,健康保持用摂取品Ａ,19,1:1
6091,漢方薬,7,6091,漢方薬,8,1:1
6094,健康保持用摂取品Ｂ,20,6094,健康保持用摂取品Ｂ,19,1:1
6095,入浴剤,6,6095,入浴剤,3,1:1
6101,生理用ナプキン,8,6101,生理用ナプキン,7,1:1
6102,マスク,4,6102,マスク,20,1:1
6121,眼鏡,17,6121,眼鏡,18,1:1
6141,紙おむつ（乳幼児用）,5,6141,紙おむつ（乳幼児用）,5,1:1
6142,紙おむつ（大人用）,5,6142,紙おむつ（大人用）,5,1:1
6161,コンタクトレンズ,10,6161,コンタクトレンズ,12,1:1
6171,血圧計,5,6171,血圧計,4,1:1
6172,補聴器,5,6172,補聴器,7,1:1
6173,サポーター,5,6173,サポーター,4,1:1
6181,コンタクトレンズ用剤,4,6181,コンタクトレンズ用剤,3,1:1
6200,診療代,207,6200,診療代,229,1:1
6221,マッサージ料金,10,6221,マッサージ料金,11,1:1
6222,人間ドック受診料,10,6222,人間ドック受診料,12,1:1
6223,予防接種料,8,6223,予防接種料,8,1:1
7008,普通運賃（ＪＲ以外）,21,7008,普通運賃（ＪＲ以外）,17,1:1
7009,通学定期（ＪＲ以外）,5,7009,通学定期（ＪＲ以外）,4,1:1
7010,通勤定期（ＪＲ以外）,16,7010,通勤定期（ＪＲ以外）,19,1:1
7029,通学定期（ＪＲ）,7,7029,通学定期（ＪＲ）,4,1:1
7030,通勤定期（ＪＲ）,17,7030,通勤定期（ＪＲ）,14,1:1
7050,一般路線バス代,17,7050,一般路線バス代,11,1:1
7057,高速バス代,4,7057,高速バス代,4,1:1
7060,タクシー代,18,7060,タクシー代,12,1:1
7070,航空運賃,22,7070,航空運賃,16,1:1
7105,軽乗用車,40,7105,軽乗用車,49,1:1
7106,小型乗用車Ａ,55,7106,小型乗用車,60,1:1
7113,普通乗用車Ａ,80,7113,普通乗用車Ａ,88,1:1
7115,普通乗用車Ｂ,20,7115,普通乗用車Ｂ,27,1:1
7201,自転車Ａ,6,7201,自転車Ａ,6,1:1
7202,自転車Ｂ,3,7202,自転車Ｂ,4,1:1
7301,ガソリン,206,7301,ガソリン,182,1:1
7311,自動車タイヤ,30,7311,自動車タイヤ,38,1:1
7312,自動車バッテリー,8,7312,自動車バッテリー,10,1:1
7313,カーナビゲーション,21,7313,カーナビゲーション,13,1:1
7331,自動車整備費（定期点検）,28,7331,自動車整備費（定期点検）,37,1:1
7335,自動車整備費（パンク修理）,22,7335,自動車整備費（パンク修理）,29,1:1
7341,自動車オイル交換料,12,7341,自動車オイル交換料,13,1:1
7342,車庫借料,51,7342,車庫借料,45,1:1
7343,駐車料金,9,7343,駐車料金,8,1:1
7344,レンタカー料金,5,7344,レンタカー料金,7,1:1
7347,洗車代,2,7347,洗車代,2,1:1
7350,ロードサービス料,3,7350,ロードサービス料,3,1:1
7351,自動車免許手数料,2,7351,自動車免許手数料,2,1:1
7363,高速自動車国道料金,26,7363,高速自動車国道料金,20,1:1
7364,都市高速道路料金,9,7364,都市高速道路料金,7,1:1
7370,自動車保険料（自賠責）,41,7370,自動車保険料（自賠責）,44,1:1
7390,自動車保険料（任意）,189,7390,自動車保険料（任意）,198,1:1
7401,はがき,3,7401,はがき,2,1:1
7402,封書,7,7402,封書,5,1:1
7410,通信料（固定電話）,81,7410,通信料（固定電話）,55,1:1
7430,通信料（携帯電話）,230,7430,通信料（携帯電話）,271,1:1
7433,運送料,15,7433,運送料,18,1:1
7446,携帯電話機,77,7446,携帯電話機,90,1:1
7527,普通運賃（ＪＲ）,35,7527,普通運賃（ＪＲ）,21,1:1
7528,料金（ＪＲ，在来線）,8,7528,料金（ＪＲ，在来線）,5,1:1
7530,料金（ＪＲ，新幹線）,19,7530,料金（ＪＲ，新幹線）,12,1:1
8001,ＰＴＡ会費（小学校）,15,8001,ＰＴＡ会費（小学校）,14,1:1
8002,ＰＴＡ会費（中学校）,15,8002,ＰＴＡ会費（中学校）,12,1:1
8010,中学校授業料（私立）,16,8010,中学校授業料（私立）,11,1:1
8020,高等学校授業料（公立）,4,8020,高等学校授業料（公立）,19,1:1
8030,高等学校授業料（私立）,17,8030,高等学校授業料（私立）,37,1:1
8040,大学授業料（国立）,10,8040,大学授業料（国立）,12,1:1
8060,大学授業料（私立）,90,8060,大学授業料（私立）,91,1:1
8070,短期大学授業料（私立）,5,8070,短期大学授業料（私立）,5,1:1
8077,専修学校授業料（私立）,14,8077,専修学校授業料（私立）,13,1:1
8100,学習参考教材,4,8100,学習参考教材,4,1:1
8110,教科書,4,8110,教科書,3,1:1
8201,補習教育（中学校）,40,8201,補習教育（中学校）,36,1:1
8203,補習教育（小学校）,25,8203,補習教育（小学校）,24,1:1
8204,補習教育（高校・予備校）,28,8204,補習教育（高校・予備校）,23,1:1
9013,テレビ,15,9013,テレビ,23,1:1
9034,ビデオレコーダー,4,9034,ビデオレコーダー,5,1:1
9043,カメラ,4,9043,カメラ,3,1:1
9051,ピアノ,5,9051,ピアノ,4,1:1
9061,学習用机,3,9061,学習用机,3,1:1
9078,パソコン（デスクトップ型）,8,9078,パソコン（デスクトップ型）,11,1:1
9079,パソコン（ノート型）,14,9079,パソコン（ノート型）,19,1:1
9081,プリンタ,2,9081,プリンタ,4,1:1
9111,ボールペン,5,9111,ボールペン,5,1:1
9121,ノートブック,12,9121,ノートブック,11,1:1
9128,プリンタ用インク,7,9128,プリンタ用インク,6,1:1
9129,はさみ,5,9129,はさみ,5,1:1
9140,競技用靴,9,9140,競技用靴,9,1:1
9141,グローブ,1,9141,グローブ,1,1:1
9142,ゴルフクラブ,8,9142,ゴルフクラブ,8,1:1
9143,テニスラケット,2,9143,テニスラケット,3,1:1
9144,釣ざお,11,9144,釣ざお,4,1:1
9145,トレーニングパンツ,15,9145,トレーニングパンツ,16,1:1
9149,水着,6,9149,水着,7,1:1
9151,人形,3,9151,人形,3,1:1
9152,玩具自動車,5,9152,玩具自動車,5,1:1
9153,組立玩具,8,9153,組立玩具,8,1:1
9154,家庭用ゲーム機（据置型）,1,9154,家庭用ゲーム機,4,1:1
9156,ゲームソフト,4,9156,ゲームソフト,6,1:1
9172,コンパクトディスク,4,9172,コンパクトディスク,3,1:1
9174,ビデオソフト,4,9174,ビデオソフト,3,1:1
9181,切り花（カーネーション）,8,9181,切り花（カーネーション）,4,1:1
9182,切り花（きく）,15,9182,切り花（きく）,14,1:1
9183,切り花（バラ）,8,9183,切り花（バラ）,7,1:1
9184,鉢植え,14,9184,鉢植え,11,1:1
9185,ペットトイレ用品,12,9185,ペットトイレ用品,17,1:1
9188,ペット美容院代,8,9188,ペット美容院代,9,1:1
9189,園芸用肥料,8,9189,園芸用肥料,8,1:1
9190,園芸用土,6,9190,園芸用土,5,1:1
9193,ペットフード（ドッグフード）,12,9193,ペットフード（ドッグフード）,12,1:1
9195,電池,5,9195,電池,6,1:1
9196,ペットフード（キャットフード）,10,9196,ペットフード（キャットフード）,12,1:1
9199,メモリーカード,1,9199,メモリーカード,2,1:1
9204,新聞代（地方・ブロック紙）,35,9204,新聞代（地方・ブロック紙）,34,1:1
9205,新聞代（全国紙）,54,9205,新聞代（全国紙）,43,1:1
9226,月刊誌,9,9226,月刊誌,7,1:1
9230,週刊誌,2,9230,週刊誌,2,1:1
9261,単行本Ａ,11,9261,単行本Ａ,11,1:1
9263,単行本Ｂ,16,9263,単行本Ｂ,14,1:1
9300,宿泊料,113,9300,宿泊料,81,1:1
9305,外国パック旅行費,42,9305,外国パック旅行費,25,1:1
9313,講習料（水泳）,37,9313,講習料（水泳）,28,1:1
9319,講習料（ダンス）,13,9319,講習料（ダンス）,9,1:1
9320,自動車教習料,12,9320,自動車教習料,10,1:1
9326,講習料（音楽）,20,9326,講習料（音楽）,16,1:1
9328,講習料（英会話）,12,9328,講習料（英会話）,11,1:1
9329,講習料（書道）,9,9329,講習料（書道）,9,1:1
9330,放送受信料（ＮＨＫ）,42,9330,放送受信料（ＮＨＫ）,42,1:1
9341,映画観覧料,12,9341,映画観覧料,9,1:1
9342,演劇観覧料,12,9342,演劇観覧料,7,1:1
9345,サッカー観覧料,1,9345,サッカー観覧料,1,1:1
9350,プロ野球観覧料,4,9350,プロ野球観覧料,4,1:1
9353,ゴルフ練習料金,7,9353,ゴルフ練習料金,6,1:1
9357,ゴルフプレー料金,32,9357,ゴルフプレー料金,26,1:1
9359,プール使用料,5,9359,プール使用料,3,1:1
9361,ボウリングゲーム代,5,9361,ボウリングゲーム代,3,1:1
9362,フィットネスクラブ使用料,17,9362,フィットネスクラブ使用料,17,1:1
9367,放送受信料（ＮＨＫ・ケーブル以外）,6,9367,放送受信料（ＮＨＫ・ケーブル以外）,6,1:1
9368,放送受信料（ケーブル）,33,9368,放送受信料（ケーブル）,33,1:1
9372,テーマパーク入場料,20,9372,テーマパーク入場料,13,1:1
9374,文化施設入場料,9,9374,文化施設入場料,6,1:1
9391,ビデオソフトレンタル料,4,9391,ビデオソフトレンタル料,3,1:1
9395,カラオケルーム使用料,4,9395,カラオケルーム使用料,3,1:1
9396,獣医代,19,9396,獣医代,24,1:1
9397,インターネット接続料,79,9397,インターネット接続料,88,1:1
9403,ウェブコンテンツ利用料,5,9403,ウェブコンテンツ利用料,5,1:1
9504,入浴料,14,9504,入浴料,9,1:1
9505,エステティック料金,9,9505,エステティック料金,9,1:1
9511,理髪料,29,9511,理髪料,26,1:1
9521,パーマネント代,22,9521,パーマネント代,17,1:1
9531,カット代,30,9531,カット代,34,1:1
9532,ヘアカラーリング代,13,9532,ヘアカラーリング代,15,1:1
9602,電気かみそり,5,9602,電気かみそり,6,1:1
9611,歯ブラシ,5,9611,歯ブラシ,6,1:1
9621,化粧石けん,3,9621,手洗い用石けん,5,1:1
9622,シャンプー,10,9622,シャンプー,11,1:1
9623,歯磨き,8,9623,歯磨き,10,1:1
9624,ヘアコンディショナー,7,9624,ヘアコンディショナー,8,1:1
9625,ヘアカラーリング剤,8,9625,ヘアカラーリング剤,9,1:1
9626,ボディーソープ,8,9626,ボディーソープ,5,1:1
9627,洗顔料,5,9627,洗顔料,5,1:1
9631,整髪料,6,9631,整髪料,7,1:1
9641,養毛剤,5,9641,養毛剤,6,1:1
9650,化粧クリームＡ,19,9650,化粧クリームＡ,20,1:1
9652,化粧クリームＢ,8,9652,化粧クリームＢ,5,1:1
9660,化粧水Ａ,15,9660,化粧水Ａ,16,1:1
9661,化粧水Ｂ,7,9661,化粧水Ｂ,5,1:1
9670,ファンデーションＡ,9,9670,ファンデーションＡ,11,1:1
9672,ファンデーションＢ,4,9672,ファンデーションＢ,2,1:1
9680,口紅Ａ,3,9680,口紅Ａ,3,1:1
9682,口紅Ｂ,2,9682,口紅Ｂ,2,1:1
9690,乳液Ａ,7,9690,乳液Ａ,7,1:1
9692,乳液Ｂ,2,9692,乳液Ｂ,2,1:1
9701,傘,5,9701,傘,5,1:1
9711,通学用かばん,9,9711,通学用かばん,9,1:1
9721,バッグＡ,15,9721,バッグＡ,14,1:1
9722,バッグＢ,15,9722,バッグＢ,16,1:1
9731,旅行用かばん,6,9731,旅行用かばん,5,1:1
9741,指輪,3,9741,指輪,4,1:1
9751,腕時計,10,9751,腕時計,9,1:1
9761,ハンカチーフ,3,9761,ハンカチーフ,3,1:1
9798,たばこ（輸入品）,15,9798,たばこ（輸入品）,20,1:1
9799,たばこ（国産品）,29,9799,たばこ（国産品）,20,1:1
9901,行政証明書手数料,1,9901,行政証明書手数料,2,1:1
9912,パスポート取得料,1,9912,パスポート取得料,1,1:1
9914,介護料,16,9914,介護料,19,1:1
9920,振込手数料,1,9920,振込手数料,1,1:1
9921,保育所保育料,53,9921,保育所保育料,52,1:1
9928,傷害保険料,127,9928,傷害保険料,119,1:1
9931,警備料,2,9931,警備料,2,1:1
1000,うるち米,59,,,0,abolished
1011,もち米,3,,,0,abolished
1061,＊ゆで沖縄そば,1,,,0,abolished
1163,塩辛,2,,,0,abolished
1212,豚肉Ｂ,43,,,0,abolished
1291,＊ポーク缶詰,1,,,0,abolished
1301,牛乳（配達）,2,,,0,abolished
1439,にがうり,1,,,0,abolished
1440,＊とうが,1,,,0,abolished
1501,りんごＡ,2,,,0,abolished
1514,グレープフルーツ,1,,,0,abolished
1591,果物缶詰,7,,,0,abolished
2111,＊沖縄そば（外食）,1,,,0,abolished
4081,整理だんす,5,,,0,abolished
4101,室内時計,2,,,0,abolished
4231,毛布,2,,,0,abolished
4323,台所用密閉容器,3,,,0,abolished
4461,防虫剤,1,,,0,abolished
5191,男児用ズボン,7,,,0,abolished
5192,女児用スカート,11,,,0,abolished
5203,ワイシャツ（半袖）,1,,,0,abolished
6210,出産入院料,2,,,0,abolished
7007,鉄道運賃（ＪＲ以外）,42,,,0,abolished
7026,鉄道運賃（ＪＲ）,86,,,0,abolished
7110,小型乗用車Ｂ,5,,,0,abolished
7360,有料道路料,35,,,0,abolished
7441,固定電話機,2,,,0,abolished
8080,幼稚園保育料（公立）,3,,,0,abolished
8090,幼稚園保育料（私立）,27,,,0,abolished
9033,携帯型オーディオプレーヤー,1,,,0,abolished
9042,ビデオカメラ,2,,,0,abolished
9082,電子辞書,1,,,0,abolished
9155,家庭用ゲーム機（携帯型）,1,,,0,abolished
9198,記録型ディスク,1,,,0,abolished
9200,新聞代,88,,,0,abolished
9251,辞書,1,,,0,abolished
9317,講習料（料理）,2,,,0,abolished
9382,写真プリント代,11,,,0,abolished
,,0,1090,シリアル,5,new
,,0,1214,豚肉（輸入品）,36,new
,,0,1292,味付け肉,6,new
,,0,1444,カット野菜,3,new
,,0,1583,アボカド,4,new
,,0,1594,ナッツ,9,new
,,0,1790,無菌包装米飯,5,new
,,0,1844,ハンバーグ,5,new
,,0,1853,冷凍ぎょうざ,15,new
,,0,1892,サラダチキン,10,new
,,0,1893,おでん,5,new
,,0,1952,ノンアルコールビール,3,new
,,0,1984,宅配水,3,new
,,0,3162,屋根修理費,24,new
,,0,4093,ソファ,10,new
,,0,4142,クッション,3,new
,,0,4272,敷きパッド,7,new
,,0,4373,収納ケース,11,new
,,0,4472,漂白剤,6,new
,,0,5195,子供用ズボン（春夏物）,7,new
,,0,5196,子供用ズボン（秋冬物）,11,new
,,0,6182,軽度失禁用品,3,new
,,0,7315,ドライブレコーダー,18,new
,,0,9080,タブレット端末,5,new
,,0,9343,講習料（体育）,7,new
,,0,9381,写真撮影代,10,new
,,0,9628,クレンジング,4,new
,,0,9693,美容液,8,new
,,0,9951,学童保育料,7,new
,,0,9960,葬儀料,31,new
