item_code,item_name,category_10,category_mid,category_small,weight_per_10000,is_fresh,is_energy,is_food,is_alcohol,is_education,is_info_comm
1001,うるち米Ａ,食料,穀類,米類,23,False,False,True,False,False,False
1002,うるち米Ｂ,食料,穀類,米類,39,False,False,True,False,False,False
1021,食パン,食料,穀類,パン,32,False,False,True,False,False,False
1022,あんパン,食料,穀類,パン,35,False,False,True,False,False,False
1023,カレーパン,食料,穀類,パン,18,False,False,True,False,False,False
1031,ゆでうどん,食料,穀類,麺類,10,False,False,True,False,False,False
1041,そうめん,食料,穀類,麺類,6,False,False,True,False,False,False
1042,スパゲッティ,食料,穀類,麺類,4,False,False,True,False,False,False
1051,カップ麺,食料,穀類,麺類,20,False,False,True,False,False,False
1052,中華麺,食料,穀類,麺類,12,False,False,True,False,False,False
1071,小麦粉,食料,穀類,他の穀類,3,False,False,True,False,False,False
1081,もち,食料,穀類,他の穀類,7,False,False,True,False,False,False
1090,シリアル,食料,穀類,他の穀類,5,False,False,True,False,False,False
1101,まぐろ,食料,魚介類,生鮮魚介,22,True,False,True,False,False,False
1102,あじ,食料,魚介類,生鮮魚介,4,True,False,True,False,False,False
1103,いわし,食料,魚介類,生鮮魚介,2,True,False,True,False,False,False
1104,かつお,食料,魚介類,生鮮魚介,6,True,False,True,False,False,False
1106,さけ,食料,魚介類,生鮮魚介,21,True,False,True,False,False,False
1107,さば,食料,魚介類,生鮮魚介,4,True,False,True,False,False,False
1108,さんま,食料,魚介類,生鮮魚介,3,True,False,True,False,False,False
1110,たい,食料,魚介類,生鮮魚介,4,True,False,True,False,False,False
1111,ぶり,食料,魚介類,生鮮魚介,12,True,False,True,False,False,False
1112,いか,食料,魚介類,生鮮魚介,7,True,False,True,False,False,False
1113,たこ,食料,魚介類,生鮮魚介,5,True,False,True,False,False,False
1114,えび,食料,魚介類,生鮮魚介,12,True,False,True,False,False,False
1131,あさり,食料,魚介類,生鮮魚介,3,True,False,True,False,False,False
1132,かき（貝）,食料,魚介類,生鮮魚介,2,True,False,True,False,False,False
1133,ほたて貝,食料,魚介類,生鮮魚介,3,True,False,True,False,False,False
1141,塩さけ,食料,魚介類,塩干魚介,10,False,False,True,False,False,False
1142,たらこ,食料,魚介類,塩干魚介,9,False,False,True,False,False,False
1143,しらす干し,食料,魚介類,塩干魚介,7,False,False,True,False,False,False
1144,干しあじ,食料,魚介類,塩干魚介,3,False,False,True,False,False,False
1146,煮干し,食料,魚介類,塩干魚介,2,False,False,True,False,False,False
1150,ししゃも,食料,魚介類,塩干魚介,2,False,False,True,False,False,False
1167,いくら,食料,魚介類,塩干魚介,4,False,False,True,False,False,False
1151,揚げかまぼこ,食料,魚介類,魚肉練製品,7,False,False,True,False,False,False
1152,ちくわ,食料,魚介類,魚肉練製品,5,False,False,True,False,False,False
1153,かまぼこ,食料,魚介類,魚肉練製品,10,False,False,True,False,False,False
1161,かつお節,食料,魚介類,他の魚介加工品,3,False,False,True,False,False,False
1165,魚介漬物,食料,魚介類,他の魚介加工品,11,False,False,True,False,False,False
1166,魚介つくだ煮,食料,魚介類,他の魚介加工品,4,False,False,True,False,False,False
1173,魚介缶詰,食料,魚介類,他の魚介加工品,11,False,False,True,False,False,False
1201,牛肉（国産品）,食料,肉類,生鮮肉,39,True,False,True,False,False,False
1203,牛肉（輸入品）,食料,肉類,生鮮肉,26,True,False,True,False,False,False
1211,豚肉（国産品）,食料,肉類,生鮮肉,54,True,False,True,False,False,False
1214,豚肉（輸入品）,食料,肉類,生鮮肉,36,True,False,True,False,False,False
1221,鶏肉,食料,肉類,生鮮肉,45,True,False,True,False,False,False
1252,ハム,食料,肉類,加工肉,14,False,False,True,False,False,False
1261,ソーセージ,食料,肉類,加工肉,21,False,False,True,False,False,False
1271,ベーコン,食料,肉類,加工肉,8,False,False,True,False,False,False
1292,味付け肉,食料,肉類,加工肉,6,False,False,True,False,False,False
1303,牛乳,食料,乳卵類,牛乳,41,False,False,True,False,False,False
1311,粉ミルク,食料,乳卵類,乳製品,2,False,False,True,False,False,False
1333,ヨーグルト,食料,乳卵類,乳製品,37,False,False,True,False,False,False
1321,バター,食料,乳卵類,乳製品,3,False,False,True,False,False,False
1331,チーズ（国産品）,食料,乳卵類,乳製品,10,False,False,True,False,False,False
1332,チーズ（輸入品）,食料,乳卵類,乳製品,7,False,False,True,False,False,False
1341,鶏卵,食料,乳卵類,卵,25,False,False,True,False,False,False
1401,キャベツ,食料,野菜・海藻,生鮮野菜,10,True,False,True,False,False,False
1402,ほうれんそう,食料,野菜・海藻,生鮮野菜,7,True,False,True,False,False,False
1403,はくさい,食料,野菜・海藻,生鮮野菜,4,True,False,True,False,False,False
1405,ねぎ,食料,野菜・海藻,生鮮野菜,11,True,False,True,False,False,False
1406,レタス,食料,野菜・海藻,生鮮野菜,9,True,False,True,False,False,False
1409,ブロッコリー,食料,野菜・海藻,生鮮野菜,8,True,False,True,False,False,False
1407,もやし,食料,野菜・海藻,生鮮野菜,4,True,False,True,False,False,False
1410,アスパラガス,食料,野菜・海藻,生鮮野菜,5,True,False,True,False,False,False
1411,さつまいも,食料,野菜・海藻,生鮮野菜,3,True,False,True,False,False,False
1412,じゃがいも,食料,野菜・海藻,生鮮野菜,7,True,False,True,False,False,False
1413,さといも,食料,野菜・海藻,生鮮野菜,2,True,False,True,False,False,False
1414,だいこん,食料,野菜・海藻,生鮮野菜,5,True,False,True,False,False,False
1415,にんじん,食料,野菜・海藻,生鮮野菜,7,True,False,True,False,False,False
1416,ごぼう,食料,野菜・海藻,生鮮野菜,3,True,False,True,False,False,False
1417,たまねぎ,食料,野菜・海藻,生鮮野菜,10,True,False,True,False,False,False
1419,れんこん,食料,野菜・海藻,生鮮野菜,3,True,False,True,False,False,False
1420,ながいも,食料,野菜・海藻,生鮮野菜,5,True,False,True,False,False,False
1421,しょうが,食料,野菜・海藻,生鮮野菜,2,True,False,True,False,False,False
1430,えだまめ,食料,野菜・海藻,生鮮野菜,3,True,False,True,False,False,False
1432,さやいんげん,食料,野菜・海藻,生鮮野菜,3,True,False,True,False,False,False
1433,かぼちゃ,食料,野菜・海藻,生鮮野菜,5,True,False,True,False,False,False
1434,きゅうり,食料,野菜・海藻,生鮮野菜,10,True,False,True,False,False,False
1435,なす,食料,野菜・海藻,生鮮野菜,6,True,False,True,False,False,False
1436,トマト,食料,野菜・海藻,生鮮野菜,24,True,False,True,False,False,False
1437,ピーマン,食料,野菜・海藻,生鮮野菜,7,True,False,True,False,False,False
1438,生しいたけ,食料,野菜・海藻,生鮮野菜,9,True,False,True,False,False,False
1442,えのきたけ,食料,野菜・海藻,生鮮野菜,5,True,False,True,False,False,False
1443,しめじ,食料,野菜・海藻,生鮮野菜,8,True,False,True,False,False,False
1444,カット野菜,食料,野菜・海藻,生鮮野菜,3,True,False,True,False,False,False
1453,干ししいたけ,食料,野菜・海藻,乾物・海藻,1,False,False,True,False,False,False
1461,干しのり,食料,野菜・海藻,乾物・海藻,11,False,False,True,False,False,False
1462,わかめ,食料,野菜・海藻,乾物・海藻,6,False,False,True,False,False,False
1463,こんぶ,食料,野菜・海藻,乾物・海藻,3,False,False,True,False,False,False
1464,ひじき,食料,野菜・海藻,乾物・海藻,3,False,False,True,False,False,False
1471,豆腐,食料,野菜・海藻,大豆加工品,15,False,False,True,False,False,False
1472,油揚げ,食料,野菜・海藻,大豆加工品,8,False,False,True,False,False,False
1473,納豆,食料,野菜・海藻,大豆加工品,13,False,False,True,False,False,False
1481,こんにゃく,食料,野菜・海藻,他の野菜・海藻加工品,5,False,False,True,False,False,False
1482,梅干し,食料,野菜・海藻,他の野菜・海藻加工品,8,False,False,True,False,False,False
1483,だいこん漬,食料,野菜・海藻,他の野菜・海藻加工品,6,False,False,True,False,False,False
1486,はくさい漬,食料,野菜・海藻,他の野菜・海藻加工品,3,False,False,True,False,False,False
1487,キムチ,食料,野菜・海藻,他の野菜・海藻加工品,7,False,False,True,False,False,False
1485,こんぶつくだ煮,食料,野菜・海藻,他の野菜・海藻加工品,4,False,False,True,False,False,False
1491,野菜缶詰,食料,野菜・海藻,他の野菜・海藻加工品,3,False,False,True,False,False,False
1502,りんご,食料,果物,生鮮果物,13,True,False,True,False,False,False
1511,みかん,食料,果物,生鮮果物,15,True,False,True,False,False,False
1515,オレンジ,食料,果物,生鮮果物,2,True,False,True,False,False,False
1517,しらぬひ,食料,果物,生鮮果物,2,True,False,True,False,False,False
1521,梨,食料,果物,生鮮果物,5,True,False,True,False,False,False
1531,ぶどうＡ,食料,果物,生鮮果物,3,True,False,True,False,False,False
1532,ぶどうＢ,食料,果物,生鮮果物,6,True,False,True,False,False,False
1541,柿,食料,果物,生鮮果物,3,True,False,True,False,False,False
1551,桃,食料,果物,生鮮果物,3,True,False,True,False,False,False
1561,すいか,食料,果物,生鮮果物,4,True,False,True,False,False,False
1563,メロン,食料,果物,生鮮果物,3,True,False,True,False,False,False
1571,いちご,食料,果物,生鮮果物,10,True,False,True,False,False,False
1581,バナナ,食料,果物,生鮮果物,15,True,False,True,False,False,False
1582,キウイフルーツ,食料,果物,生鮮果物,6,True,False,True,False,False,False
1572,さくらんぼ,食料,果物,生鮮果物,2,True,False,True,False,False,False
1583,アボカド,食料,果物,生鮮果物,4,True,False,True,False,False,False
1594,ナッツ,食料,果物,果物加工品,9,False,False,True,False,False,False
1601,食用油,食料,油脂・調味料,油脂,11,False,False,True,False,False,False
1602,マーガリン,食料,油脂・調味料,油脂,2,False,False,True,False,False,False
1611,食塩,食料,油脂・調味料,調味料,2,False,False,True,False,False,False
1621,しょう油,食料,油脂・調味料,調味料,6,False,False,True,False,False,False
1631,みそ,食料,油脂・調味料,調味料,8,False,False,True,False,False,False
1632,砂糖,食料,油脂・調味料,調味料,4,False,False,True,False,False,False
1633,酢,食料,油脂・調味料,調味料,3,False,False,True,False,False,False
1641,ソース,食料,油脂・調味料,調味料,3,False,False,True,False,False,False
1642,ケチャップ,食料,油脂・調味料,調味料,2,False,False,True,False,False,False
1643,マヨネーズ,食料,油脂・調味料,調味料,5,False,False,True,False,False,False
1645,ドレッシング,食料,油脂・調味料,調味料,8,False,False,True,False,False,False
1644,ジャム,食料,油脂・調味料,調味料,4,False,False,True,False,False,False
1652,カレールウ,食料,油脂・調味料,調味料,5,False,False,True,False,False,False
1653,乾燥スープ,食料,油脂・調味料,調味料,13,False,False,True,False,False,False
1654,風味調味料,食料,油脂・調味料,調味料,9,False,False,True,False,False,False
1656,ふりかけ,食料,油脂・調味料,調味料,6,False,False,True,False,False,False
1655,たれ,食料,油脂・調味料,調味料,6,False,False,True,False,False,False
1659,つゆ,食料,油脂・調味料,調味料,12,False,False,True,False,False,False
1657,合わせ調味料,食料,油脂・調味料,調味料,9,False,False,True,False,False,False
1658,パスタソース,食料,油脂・調味料,調味料,5,False,False,True,False,False,False
1701,ようかん,食料,菓子類,,9,False,False,True,False,False,False
1702,まんじゅう,食料,菓子類,,13,False,False,True,False,False,False
1703,だいふく餅,食料,菓子類,,14,False,False,True,False,False,False
1711,カステラ,食料,菓子類,,5,False,False,True,False,False,False
1712,ケーキ,食料,菓子類,,25,False,False,True,False,False,False
1784,ゼリー,食料,菓子類,,13,False,False,True,False,False,False
1714,プリン,食料,菓子類,,10,False,False,True,False,False,False
1713,シュークリーム,食料,菓子類,,6,False,False,True,False,False,False
1715,ロールケーキ,食料,菓子類,,10,False,False,True,False,False,False
1741,せんべい,食料,菓子類,,20,False,False,True,False,False,False
1721,ビスケット,食料,菓子類,,14,False,False,True,False,False,False
1783,ポテトチップス,食料,菓子類,,18,False,False,True,False,False,False
1732,キャンデー,食料,菓子類,,8,False,False,True,False,False,False
1761,チョコレート,食料,菓子類,,30,False,False,True,False,False,False
1782,アイスクリーム,食料,菓子類,,35,False,False,True,False,False,False
1772,落花生,食料,菓子類,,3,False,False,True,False,False,False
1781,チューインガム,食料,菓子類,,3,False,False,True,False,False,False
1795,すし（弁当）Ａ,食料,調理食品,主食的調理食品,29,False,False,True,False,False,False
1798,すし（弁当）Ｂ,食料,調理食品,主食的調理食品,15,False,False,True,False,False,False
1791,弁当Ａ,食料,調理食品,主食的調理食品,25,False,False,True,False,False,False
1797,弁当Ｂ,食料,調理食品,主食的調理食品,25,False,False,True,False,False,False
1793,おにぎり,食料,調理食品,主食的調理食品,15,False,False,True,False,False,False
1792,調理パン,食料,調理食品,主食的調理食品,18,False,False,True,False,False,False
1794,冷凍米飯,食料,調理食品,主食的調理食品,7,False,False,True,False,False,False
1796,調理パスタ,食料,調理食品,主食的調理食品,5,False,False,True,False,False,False
1799,調理ピザ,食料,調理食品,主食的調理食品,5,False,False,True,False,False,False
1790,無菌包装米飯,食料,調理食品,主食的調理食品,5,False,False,True,False,False,False
1801,うなぎかば焼き,食料,調理食品,他の調理食品,9,False,False,True,False,False,False
1811,サラダ,食料,調理食品,他の調理食品,19,False,False,True,False,False,False
1821,コロッケ,食料,調理食品,他の調理食品,12,False,False,True,False,False,False
1831,豚カツ,食料,調理食品,他の調理食品,13,False,False,True,False,False,False
1842,からあげ,食料,調理食品,他の調理食品,30,False,False,True,False,False,False
1881,ぎょうざ,食料,調理食品,他の調理食品,11,False,False,True,False,False,False
1843,やきとり,食料,調理食品,他の調理食品,9,False,False,True,False,False,False
1844,ハンバーグ,食料,調理食品,他の調理食品,5,False,False,True,False,False,False
1851,冷凍調理コロッケ,食料,調理食品,他の調理食品,6,False,False,True,False,False,False
1852,冷凍調理ハンバーグ,食料,調理食品,他の調理食品,9,False,False,True,False,False,False
1853,冷凍ぎょうざ,食料,調理食品,他の調理食品,15,False,False,True,False,False,False
1871,調理カレー,食料,調理食品,他の調理食品,15,False,False,True,False,False,False
1891,混ぜごはんのもと,食料,調理食品,他の調理食品,7,False,False,True,False,False,False
1812,煮豆,食料,調理食品,他の調理食品,7,False,False,True,False,False,False
1802,焼き魚,食料,調理食品,他の調理食品,10,False,False,True,False,False,False
1813,きんぴら,食料,調理食品,他の調理食品,2,False,False,True,False,False,False
1814,焼豚,食料,調理食品,他の調理食品,10,False,False,True,False,False,False
1892,サラダチキン,食料,調理食品,他の調理食品,10,False,False,True,False,False,False
1893,おでん,食料,調理食品,他の調理食品,5,False,False,True,False,False,False
1902,緑茶,食料,飲料,茶類,13,False,False,True,False,False,False
1911,紅茶,食料,飲料,茶類,3,False,False,True,False,False,False
1914,茶飲料,食料,飲料,茶類,22,False,False,True,False,False,False
1921,インスタントコーヒー,食料,飲料,コーヒー・ココア,9,False,False,True,False,False,False
1922,コーヒー豆,食料,飲料,コーヒー・ココア,9,False,False,True,False,False,False
1923,コーヒー飲料Ａ,食料,飲料,コーヒー・ココア,13,False,False,True,False,False,False
1924,コーヒー飲料Ｂ,食料,飲料,コーヒー・ココア,3,False,False,True,False,False,False
1930,果実ジュース,食料,飲料,他の飲料,7,False,False,True,False,False,False
1931,果汁入り飲料,食料,飲料,他の飲料,7,False,False,True,False,False,False
1941,野菜ジュース,食料,飲料,他の飲料,14,False,False,True,False,False,False
1951,炭酸飲料,食料,飲料,他の飲料,20,False,False,True,False,False,False
1952,ノンアルコールビール,食料,飲料,他の飲料,3,False,False,True,False,False,False
1972,乳酸菌飲料,食料,飲料,他の飲料,15,False,False,True,False,False,False
1982,ミネラルウォーター,食料,飲料,他の飲料,10,False,False,True,False,False,False
1984,宅配水,食料,飲料,他の飲料,3,False,False,True,False,False,False
1981,スポーツドリンク,食料,飲料,他の飲料,5,False,False,True,False,False,False
1983,豆乳,食料,飲料,他の飲料,6,False,False,True,False,False,False
2003,清酒,食料,酒類,,16,False,False,True,True,False,False
2011,焼酎,食料,酒類,,18,False,False,True,True,False,False
2021,ビール,食料,酒類,,31,False,False,True,True,False,False
2026,発泡酒,食料,酒類,,8,False,False,True,True,False,False
2033,ウイスキー,食料,酒類,,6,False,False,True,True,False,False
2041,ワイン（国産品）,食料,酒類,,3,False,False,True,True,False,False
2042,ワイン（輸入品）,食料,酒類,,7,False,False,True,True,False,False
2012,チューハイ,食料,酒類,,12,False,False,True,True,False,False
2027,ビール風アルコール飲料,食料,酒類,,19,False,False,True,True,False,False
2101,うどん（外食）,食料,外食,一般外食,13,False,False,True,False,False,False
2103,日本そば（外食）,食料,外食,一般外食,13,False,False,True,False,False,False
2102,中華そば（外食）,食料,外食,一般外食,30,False,False,True,False,False,False
2112,スパゲッティ（外食）,食料,外食,一般外食,11,False,False,True,False,False,False
2123,すし（外食）Ａ,食料,外食,一般外食,25,False,False,True,False,False,False
2121,すし（外食）Ｂ,食料,外食,一般外食,37,False,False,True,False,False,False
2132,天丼（外食）,食料,外食,一般外食,13,False,False,True,False,False,False
2133,カレーライス（外食）,食料,外食,一般外食,19,False,False,True,False,False,False
2136,牛丼（外食）,食料,外食,一般外食,13,False,False,True,False,False,False
2142,豚カツ定食（外食）,食料,外食,一般外食,26,False,False,True,False,False,False
2146,しょうが焼き定食（外食）,食料,外食,一般外食,7,False,False,True,False,False,False
2164,フライドチキン（外食）,食料,外食,一般外食,15,False,False,True,False,False,False
2134,ぎょうざ（外食）,食料,外食,一般外食,20,False,False,True,False,False,False
2141,ハンバーグ（外食）,食料,外食,一般外食,28,False,False,True,False,False,False
2145,焼肉（外食）,食料,外食,一般外食,48,False,False,True,False,False,False
2135,ハンバーガー（外食）,食料,外食,一般外食,22,False,False,True,False,False,False
2161,サンドイッチ（外食）,食料,外食,一般外食,11,False,False,True,False,False,False
2144,ピザ（配達）,食料,外食,一般外食,7,False,False,True,False,False,False
2163,ドーナツ（外食）,食料,外食,一般外食,2,False,False,True,False,False,False
2162,コーヒー（外食）Ａ,食料,外食,一般外食,14,False,False,True,False,False,False
2165,コーヒー（外食）Ｂ,食料,外食,一般外食,7,False,False,True,False,False,False
2171,ビール（外食）,食料,外食,一般外食,32,False,False,True,False,False,False
2172,やきとり（外食）,食料,外食,一般外食,21,False,False,True,False,False,False
2182,学校給食（小学校）,食料,外食,学校給食,17,False,False,True,False,True,False
2183,学校給食（中学校）,食料,外食,学校給食,8,False,False,True,False,True,False
3000,民営家賃,住居,家賃,民営家賃,225,False,False,False,False,False,False
3016,公営家賃,住居,家賃,公営・都市再生機構・公社家賃,15,False,False,False,False,False,False
3017,都市再生機構・公社家賃,住居,家賃,公営・都市再生機構・公社家賃,14,False,False,False,False,False,False
3030,持家の帰属家賃,住居,家賃,持家の帰属家賃,1580,False,False,False,False,False,False
3101,システムバス,住居,設備修繕・維持,設備材料,12,False,False,False,False,False,False
3103,温水洗浄便座,住居,設備修繕・維持,設備材料,8,False,False,False,False,False,False
3104,給湯器,住居,設備修繕・維持,設備材料,31,False,False,False,False,False,False
3105,システムキッチン,住居,設備修繕・維持,設備材料,24,False,False,False,False,False,False
3106,カーポート,住居,設備修繕・維持,設備材料,4,False,False,False,False,False,False
3121,修繕材料,住居,設備修繕・維持,設備材料,13,False,False,False,False,False,False
3151,畳替え代,住居,設備修繕・維持,工事その他のサービス,2,False,False,False,False,False,False
3176,水道工事費,住居,設備修繕・維持,工事その他のサービス,16,False,False,False,False,False,False
3175,塀工事費,住居,設備修繕・維持,工事その他のサービス,8,False,False,False,False,False,False
3178,外壁塗装費,住居,設備修繕・維持,工事その他のサービス,47,False,False,False,False,False,False
3162,屋根修理費,住居,設備修繕・維持,工事その他のサービス,24,False,False,False,False,False,False
3174,植木職手間代,住居,設備修繕・維持,工事その他のサービス,10,False,False,False,False,False,False
3171,ふすま張替費,住居,設備修繕・維持,工事その他のサービス,5,False,False,False,False,False,False
3172,大工手間代,住居,設備修繕・維持,工事その他のサービス,15,False,False,False,False,False,False
3179,駐車場工事費,住居,設備修繕・維持,工事その他のサービス,25,False,False,False,False,False,False
3185,壁紙張替費,住居,設備修繕・維持,工事その他のサービス,5,False,False,False,False,False,False
3180,火災・地震保険料,住居,設備修繕・維持,工事その他のサービス,67,False,False,False,False,False,False
3500,電気代,光熱・水道,電気代,,341,False,True,False,False,False,False
3600,都市ガス代,光熱・水道,ガス代,,94,False,True,False,False,False,False
3612,プロパンガス,光熱・水道,ガス代,,57,False,True,False,False,False,False
3701,灯油,光熱・水道,他の光熱,,38,False,True,False,False,False,False
3810,水道料,光熱・水道,上下水道料,,97,False,False,False,False,False,False
4610,下水道料,光熱・水道,上下水道料,,67,False,False,False,False,False,False
4003,電子レンジ,家具・家事用品,家庭用耐久財,家事用耐久財,4,False,False,False,False,False,False
4002,電気炊飯器,家具・家事用品,家庭用耐久財,家事用耐久財,12,False,False,False,False,False,False
4011,ガステーブル,家具・家事用品,家庭用耐久財,家事用耐久財,2,False,False,False,False,False,False
4021,電気冷蔵庫,家具・家事用品,家庭用耐久財,家事用耐久財,21,False,False,False,False,False,False
4032,電気掃除機,家具・家事用品,家庭用耐久財,家事用耐久財,9,False,False,False,False,False,False
4042,電気洗濯機（全自動洗濯機）,家具・家事用品,家庭用耐久財,家事用耐久財,10,False,False,False,False,False,False
4043,電気洗濯機（洗濯乾燥機）,家具・家事用品,家庭用耐久財,家事用耐久財,10,False,False,False,False,False,False
4063,ルームエアコン,家具・家事用品,家庭用耐久財,冷暖房用器具,38,False,False,False,False,False,False
4072,温風ヒーター,家具・家事用品,家庭用耐久財,冷暖房用器具,5,False,False,False,False,False,False
4075,空気清浄機,家具・家事用品,家庭用耐久財,冷暖房用器具,3,False,False,False,False,False,False
4092,食堂セット,家具・家事用品,家庭用耐久財,一般家具,5,False,False,False,False,False,False
4093,ソファ,家具・家事用品,家庭用耐久財,一般家具,10,False,False,False,False,False,False
4083,食器戸棚,家具・家事用品,家庭用耐久財,一般家具,3,False,False,False,False,False,False
4115,照明器具,家具・家事用品,室内装備品,,5,False,False,False,False,False,False
4121,カーペット,家具・家事用品,室内装備品,,7,False,False,False,False,False,False
4141,カーテン,家具・家事用品,室内装備品,,6,False,False,False,False,False,False
4142,クッション,家具・家事用品,室内装備品,,3,False,False,False,False,False,False
4201,ベッド,家具・家事用品,寝具類,,7,False,False,False,False,False,False
4211,布団,家具・家事用品,寝具類,,10,False,False,False,False,False,False
4251,敷布,家具・家事用品,寝具類,,2,False,False,False,False,False,False
4271,布団カバー,家具・家事用品,寝具類,,2,False,False,False,False,False,False
4272,敷きパッド,家具・家事用品,寝具類,,7,False,False,False,False,False,False
4301,茶わん,家具・家事用品,家事雑貨,食器類,3,False,False,False,False,False,False
4302,皿,家具・家事用品,家事雑貨,食器類,5,False,False,False,False,False,False
4326,水筒,家具・家事用品,家事雑貨,台所用品,4,False,False,False,False,False,False
4331,鍋,家具・家事用品,家事雑貨,台所用品,6,False,False,False,False,False,False
4334,フライパン,家具・家事用品,家事雑貨,台所用品,9,False,False,False,False,False,False
4342,スポンジたわし,家具・家事用品,家事雑貨,台所用品,3,False,False,False,False,False,False
4352,電球・ランプ,家具・家事用品,家事雑貨,他の家事雑貨,7,False,False,False,False,False,False
4361,タオル,家具・家事用品,家事雑貨,他の家事雑貨,15,False,False,False,False,False,False
4362,マット,家具・家事用品,家事雑貨,他の家事雑貨,7,False,False,False,False,False,False
4372,物干し用ハンガー,家具・家事用品,家事雑貨,他の家事雑貨,4,False,False,False,False,False,False
4373,収納ケース,家具・家事用品,家事雑貨,他の家事雑貨,11,False,False,False,False,False,False
4412,ティシュペーパー,家具・家事用品,家事用消耗品,ティシュ・トイレットペーパー,9,False,False,False,False,False,False
4413,トイレットペーパー,家具・家事用品,家事用消耗品,ティシュ・トイレットペーパー,14,False,False,False,False,False,False
4431,台所用洗剤,家具・家事用品,家事用消耗品,洗剤,12,False,False,False,False,False,False
4441,洗濯用洗剤,家具・家事用品,家事用消耗品,洗剤,17,False,False,False,False,False,False
4401,ラップ,家具・家事用品,家事用消耗品,他の家事用消耗品,6,False,False,False,False,False,False
4402,ポリ袋,家具・家事用品,家事用消耗品,他の家事用消耗品,9,False,False,False,False,False,False
4451,殺虫剤,家具・家事用品,家事用消耗品,他の家事用消耗品,9,False,False,False,False,False,False
4442,柔軟仕上剤,家具・家事用品,家事用消耗品,他の家事用消耗品,10,False,False,False,False,False,False
4471,芳香・消臭剤,家具・家事用品,家事用消耗品,他の家事用消耗品,8,False,False,False,False,False,False
4403,キッチンペーパー,家具・家事用品,家事用消耗品,他の家事用消耗品,3,False,False,False,False,False,False
4472,漂白剤,家具・家事用品,家事用消耗品,他の家事用消耗品,6,False,False,False,False,False,False
4501,家事代行料,家具・家事用品,家事サービス,家事代行料,4,False,False,False,False,False,False
4521,リサイクル料金,家具・家事用品,家事サービス,清掃代,5,False,False,False,False,False,False
4515,浄化槽清掃代,家具・家事用品,家事サービス,清掃代,12,False,False,False,False,False,False
4701,モップレンタル料,家具・家事用品,家事サービス,他の家事サービス,7,False,False,False,False,False,False
5011,婦人用着物,被服及び履物,和服,,3,False,False,False,False,False,False
5041,婦人用帯,被服及び履物,和服,,1,False,False,False,False,False,False
5101,背広服（春夏物，中級品）,被服及び履物,洋服,男子用洋服,5,False,False,False,False,False,False
5103,背広服（春夏物，普通品）,被服及び履物,洋服,男子用洋服,3,False,False,False,False,False,False
5102,背広服（秋冬物，中級品）,被服及び履物,洋服,男子用洋服,5,False,False,False,False,False,False
5104,背広服（秋冬物，普通品）,被服及び履物,洋服,男子用洋服,3,False,False,False,False,False,False
5111,男子用上着,被服及び履物,洋服,男子用洋服,6,False,False,False,False,False,False
5122,男子用ズボン（春夏物）,被服及び履物,洋服,男子用洋服,7,False,False,False,False,False,False
5121,男子用ズボン（秋冬物）,被服及び履物,洋服,男子用洋服,6,False,False,False,False,False,False
5123,男子用ズボン（ジーンズ）,被服及び履物,洋服,男子用洋服,2,False,False,False,False,False,False
5131,男子用コート,被服及び履物,洋服,男子用洋服,5,False,False,False,False,False,False
5141,男子用学校制服,被服及び履物,洋服,男子用洋服,4,False,False,False,False,True,False
5166,婦人用スーツ（春夏物，中級品）,被服及び履物,洋服,婦人用洋服,3,False,False,False,False,False,False
5167,婦人用スーツ（春夏物，普通品）,被服及び履物,洋服,婦人用洋服,2,False,False,False,False,False,False
5162,婦人用スーツ（秋冬物，中級品）,被服及び履物,洋服,婦人用洋服,3,False,False,False,False,False,False
5168,婦人用スーツ（秋冬物，普通品）,被服及び履物,洋服,婦人用洋服,2,False,False,False,False,False,False
5161,ワンピース（春夏物）,被服及び履物,洋服,婦人用洋服,6,False,False,False,False,False,False
5163,ワンピース（秋冬物）,被服及び履物,洋服,婦人用洋服,6,False,False,False,False,False,False
5183,婦人用上着,被服及び履物,洋服,婦人用洋服,8,False,False,False,False,False,False
5169,スカート（春夏物）,被服及び履物,洋服,婦人用洋服,4,False,False,False,False,False,False
5172,スカート（秋冬物）,被服及び履物,洋服,婦人用洋服,4,False,False,False,False,False,False
5181,婦人用スラックス（秋冬物）,被服及び履物,洋服,婦人用洋服,10,False,False,False,False,False,False
5179,婦人用スラックス（ジーンズ）,被服及び履物,洋服,婦人用洋服,16,False,False,False,False,False,False
5182,婦人用コート,被服及び履物,洋服,婦人用洋服,11,False,False,False,False,False,False
5184,女子用学校制服,被服及び履物,洋服,婦人用洋服,5,False,False,False,False,True,False
5195,子供用ズボン（春夏物）,被服及び履物,洋服,子供用洋服,7,False,False,False,False,False,False
5196,子供用ズボン（秋冬物）,被服及び履物,洋服,子供用洋服,11,False,False,False,False,False,False
5193,乳児服,被服及び履物,洋服,子供用洋服,2,False,False,False,False,False,False
5202,ワイシャツ,被服及び履物,シャツ・セーター類,男子用シャツ・セーター類,6,False,False,False,False,False,False
5211,男子用スポーツシャツ（長袖）,被服及び履物,シャツ・セーター類,男子用シャツ・セーター類,4,False,False,False,False,False,False
5212,男子用スポーツシャツ（半袖）,被服及び履物,シャツ・セーター類,男子用シャツ・セーター類,8,False,False,False,False,False,False
5221,男子用セーター,被服及び履物,シャツ・セーター類,男子用シャツ・セーター類,5,False,False,False,False,False,False
5231,ブラウス（長袖）,被服及び履物,シャツ・セーター類,婦人用シャツ・セーター類,3,False,False,False,False,False,False
5232,ブラウス（半袖）,被服及び履物,シャツ・セーター類,婦人用シャツ・セーター類,5,False,False,False,False,False,False
5233,婦人用Ｔシャツ（長袖）,被服及び履物,シャツ・セーター類,婦人用シャツ・セーター類,8,False,False,False,False,False,False
5234,婦人用Ｔシャツ（半袖）,被服及び履物,シャツ・セーター類,婦人用シャツ・セーター類,12,False,False,False,False,False,False
5241,婦人用セーター（長袖）,被服及び履物,シャツ・セーター類,婦人用シャツ・セーター類,11,False,False,False,False,False,False
5242,婦人用セーター（半袖）,被服及び履物,シャツ・セーター類,婦人用シャツ・セーター類,3,False,False,False,False,False,False
5243,子供用Ｔシャツ（長袖）,被服及び履物,シャツ・セーター類,子供用シャツ・セーター類,3,False,False,False,False,False,False
5244,子供用Ｔシャツ（半袖）,被服及び履物,シャツ・セーター類,子供用シャツ・セーター類,3,False,False,False,False,False,False
5301,男子用シャツ（半袖）,被服及び履物,下着類,男子用下着類,5,False,False,False,False,False,False
5311,男子用パンツ,被服及び履物,下着類,男子用下着類,3,False,False,False,False,False,False
5331,男子用パジャマ,被服及び履物,下着類,男子用下着類,2,False,False,False,False,False,False
5341,ブラジャー,被服及び履物,下着類,婦人用下着類,3,False,False,False,False,False,False
5351,婦人用ショーツ,被服及び履物,下着類,婦人用下着類,8,False,False,False,False,False,False
5361,ランジェリー,被服及び履物,下着類,婦人用下着類,8,False,False,False,False,False,False
5372,子供用下着,被服及び履物,下着類,子供用下着類,4,False,False,False,False,False,False
5601,男子靴,被服及び履物,履物類,,10,False,False,False,False,False,False
5611,婦人靴,被服及び履物,履物類,,16,False,False,False,False,False,False
5641,子供靴,被服及び履物,履物類,,8,False,False,False,False,False,False
5631,運動靴,被服及び履物,履物類,,10,False,False,False,False,False,False
5671,サンダル,被服及び履物,履物類,,1,False,False,False,False,False,False
5652,スリッパ,被服及び履物,履物類,,2,False,False,False,False,False,False
5501,帽子,被服及び履物,他の被服,,5,False,False,False,False,False,False
5511,ネクタイ,被服及び履物,他の被服,,1,False,False,False,False,False,False
5572,マフラー,被服及び履物,他の被服,,3,False,False,False,False,False,False
5521,男子用靴下,被服及び履物,他の被服,,7,False,False,False,False,False,False
5531,婦人用ストッキング,被服及び履物,他の被服,,2,False,False,False,False,False,False
5541,婦人用ソックス,被服及び履物,他の被服,,8,False,False,False,False,False,False
5571,ベルト,被服及び履物,他の被服,,2,False,False,False,False,False,False
5711,クリーニング代Ａ,被服及び履物,被服関連サービス,,7,False,False,False,False,False,False
5712,クリーニング代Ｂ,被服及び履物,被服関連サービス,,7,False,False,False,False,False,False
5721,履物修理代,被服及び履物,被服関連サービス,,2,False,False,False,False,False,False
5731,被服賃借料,被服及び履物,被服関連サービス,,3,False,False,False,False,False,False
6001,総合かぜ薬,保健医療,医薬品・健康保持用摂取品,,11,False,False,False,False,False,False
6002,解熱鎮痛剤,保健医療,医薬品・健康保持用摂取品,,5,False,False,False,False,False,False
6012,胃腸薬,保健医療,医薬品・健康保持用摂取品,,9,False,False,False,False,False,False
6021,ビタミン剤Ａ,保健医療,医薬品・健康保持用摂取品,,4,False,False,False,False,False,False
6022,ビタミン剤Ｂ,保健医療,医薬品・健康保持用摂取品,,4,False,False,False,False,False,False
6031,ドリンク剤,保健医療,医薬品・健康保持用摂取品,,19,False,False,False,False,False,False
6051,皮膚病薬,保健医療,医薬品・健康保持用摂取品,,7,False,False,False,False,False,False
6061,はり薬,保健医療,医薬品・健康保持用摂取品,,6,False,False,False,False,False,False
6062,目薬,保健医療,医薬品・健康保持用摂取品,,8,False,False,False,False,False,False
6091,漢方薬,保健医療,医薬品・健康保持用摂取品,,8,False,False,False,False,False,False
6003,鼻炎薬,保健医療,医薬品・健康保持用摂取品,,8,False,False,False,False,False,False
6090,健康保持用摂取品Ａ,保健医療,医薬品・健康保持用摂取品,,19,False,False,False,False,False,False
6094,健康保持用摂取品Ｂ,保健医療,医薬品・健康保持用摂取品,,19,False,False,False,False,False,False
6141,紙おむつ（乳幼児用）,保健医療,保健医療用品・器具,,5,False,False,False,False,False,False
6142,紙おむつ（大人用）,保健医療,保健医療用品・器具,,5,False,False,False,False,False,False
6101,生理用ナプキン,保健医療,保健医療用品・器具,,7,False,False,False,False,False,False
6095,入浴剤,保健医療,保健医療用品・器具,,3,False,False,False,False,False,False
6181,コンタクトレンズ用剤,保健医療,保健医療用品・器具,,3,False,False,False,False,False,False
6102,マスク,保健医療,保健医療用品・器具,,20,False,False,False,False,False,False
6182,軽度失禁用品,保健医療,保健医療用品・器具,,3,False,False,False,False,False,False
6121,眼鏡,保健医療,保健医療用品・器具,,18,False,False,False,False,False,False
6161,コンタクトレンズ,保健医療,保健医療用品・器具,,12,False,False,False,False,False,False
6171,血圧計,保健医療,保健医療用品・器具,,4,False,False,False,False,False,False
6172,補聴器,保健医療,保健医療用品・器具,,7,False,False,False,False,False,False
6173,サポーター,保健医療,保健医療用品・器具,,4,False,False,False,False,False,False
6200,診療代,保健医療,保健医療サービス,,229,False,False,False,False,False,False
6221,マッサージ料金,保健医療,保健医療サービス,,11,False,False,False,False,False,False
6222,人間ドック受診料,保健医療,保健医療サービス,,12,False,False,False,False,False,False
6223,予防接種料,保健医療,保健医療サービス,,8,False,False,False,False,False,False
7527,普通運賃（ＪＲ）,交通・通信,交通,鉄道運賃（ＪＲ）,21,False,False,False,False,False,False
7528,料金（ＪＲ，在来線）,交通・通信,交通,鉄道運賃（ＪＲ）,5,False,False,False,False,False,False
7530,料金（ＪＲ，新幹線）,交通・通信,交通,鉄道運賃（ＪＲ）,12,False,False,False,False,False,False
7029,通学定期（ＪＲ）,交通・通信,交通,鉄道運賃（ＪＲ）,4,False,False,False,False,True,False
7030,通勤定期（ＪＲ）,交通・通信,交通,鉄道運賃（ＪＲ）,14,False,False,False,False,False,False
7008,普通運賃（ＪＲ以外）,交通・通信,交通,鉄道運賃（ＪＲ以外）,17,False,False,False,False,False,False
7009,通学定期（ＪＲ以外）,交通・通信,交通,鉄道運賃（ＪＲ以外）,4,False,False,False,False,True,False
7010,通勤定期（ＪＲ以外）,交通・通信,交通,鉄道運賃（ＪＲ以外）,19,False,False,False,False,False,False
7050,一般路線バス代,交通・通信,交通,他の交通,11,False,False,False,False,False,False
7057,高速バス代,交通・通信,交通,他の交通,4,False,False,False,False,False,False
7060,タクシー代,交通・通信,交通,他の交通,12,False,False,False,False,False,False
7070,航空運賃,交通・通信,交通,他の交通,16,False,False,False,False,False,False
7363,高速自動車国道料金,交通・通信,交通,有料道路料,20,False,False,False,False,False,False
7364,都市高速道路料金,交通・通信,交通,有料道路料,7,False,False,False,False,False,False
7105,軽乗用車,交通・通信,自動車等関係費,自動車,49,False,False,False,False,False,False
7106,小型乗用車,交通・通信,自動車等関係費,自動車,60,False,False,False,False,False,False
7113,普通乗用車Ａ,交通・通信,自動車等関係費,自動車,88,False,False,False,False,False,False
7115,普通乗用車Ｂ,交通・通信,自動車等関係費,自動車,27,False,False,False,False,False,False
7201,自転車Ａ,交通・通信,自動車等関係費,自転車,6,False,False,False,False,False,False
7202,自転車Ｂ,交通・通信,自動車等関係費,自転車,4,False,False,False,False,False,False
7301,ガソリン,交通・通信,自動車等関係費,自動車等維持,182,False,True,False,False,False,False
7311,自動車タイヤ,交通・通信,自動車等関係費,自動車等維持,38,False,False,False,False,False,False
7312,自動車バッテリー,交通・通信,自動車等関係費,自動車等維持,10,False,False,False,False,False,False
7313,カーナビゲーション,交通・通信,自動車等関係費,自動車等維持,13,False,False,False,False,False,False
7315,ドライブレコーダー,交通・通信,自動車等関係費,自動車等維持,18,False,False,False,False,False,False
7331,自動車整備費（定期点検）,交通・通信,自動車等関係費,自動車等維持,37,False,False,False,False,False,False
7335,自動車整備費（パンク修理）,交通・通信,自動車等関係費,自動車等維持,29,False,False,False,False,False,False
7341,自動車オイル交換料,交通・通信,自動車等関係費,自動車等維持,13,False,False,False,False,False,False
7342,車庫借料,交通・通信,自動車等関係費,自動車等維持,45,False,False,False,False,False,False
7343,駐車料金,交通・通信,自動車等関係費,自動車等維持,8,False,False,False,False,False,False
7351,自動車免許手数料,交通・通信,自動車等関係費,自動車等維持,2,False,False,False,False,False,False
7344,レンタカー料金,交通・通信,自動車等関係費,自動車等維持,7,False,False,False,False,False,False
7347,洗車代,交通・通信,自動車等関係費,自動車等維持,2,False,False,False,False,False,False
7350,ロードサービス料,交通・通信,自動車等関係費,自動車等維持,3,False,False,False,False,False,False
7370,自動車保険料（自賠責）,交通・通信,自動車等関係費,自動車等維持,44,False,False,False,False,False,False
7390,自動車保険料（任意）,交通・通信,自動車等関係費,自動車等維持,198,False,False,False,False,False,False
7401,はがき,交通・通信,通信,,2,False,False,False,False,False,False
7402,封書,交通・通信,通信,,5,False,False,False,False,False,False
7410,通信料（固定電話）,交通・通信,通信,,55,False,False,False,False,False,True
7430,通信料（携帯電話）,交通・通信,通信,,271,False,False,False,False,False,True
7433,運送料,交通・通信,通信,,18,False,False,False,False,False,False
7446,携帯電話機,交通・通信,通信,,90,False,False,False,False,False,False
8001,ＰＴＡ会費（小学校）,教育,授業料等,,14,False,False,False,False,True,False
8002,ＰＴＡ会費（中学校）,教育,授業料等,,12,False,False,False,False,True,False
8010,中学校授業料（私立）,教育,授業料等,,11,False,False,False,False,True,False
8020,高等学校授業料（公立）,教育,授業料等,,19,False,False,False,False,True,False
8030,高等学校授業料（私立）,教育,授業料等,,37,False,False,False,False,True,False
8040,大学授業料（国立）,教育,授業料等,,12,False,False,False,False,True,False
8060,大学授業料（私立）,教育,授業料等,,91,False,False,False,False,True,False
8070,短期大学授業料（私立）,教育,授業料等,,5,False,False,False,False,True,False
8077,専修学校授業料（私立）,教育,授業料等,,13,False,False,False,False,True,False
8110,教科書,教育,教科書・学習参考教材,,3,False,False,False,False,True,False
8100,学習参考教材,教育,教科書・学習参考教材,,4,False,False,False,False,True,False
8203,補習教育（小学校）,教育,補習教育,,24,False,False,False,False,True,False
8201,補習教育（中学校）,教育,補習教育,,36,False,False,False,False,True,False
8204,補習教育（高校・予備校）,教育,補習教育,,23,False,False,False,False,True,False
9013,テレビ,教養娯楽,教養娯楽用耐久財,,23,False,False,False,False,False,False
9034,ビデオレコーダー,教養娯楽,教養娯楽用耐久財,,5,False,False,False,False,False,False
9078,パソコン（デスクトップ型）,教養娯楽,教養娯楽用耐久財,,11,False,False,False,False,False,False
9079,パソコン（ノート型）,教養娯楽,教養娯楽用耐久財,,19,False,False,False,False,False,False
9080,タブレット端末,教養娯楽,教養娯楽用耐久財,,5,False,False,False,False,False,False
9081,プリンタ,教養娯楽,教養娯楽用耐久財,,4,False,False,False,False,False,False
9043,カメラ,教養娯楽,教養娯楽用耐久財,,3,False,False,False,False,False,False
9051,ピアノ,教養娯楽,教養娯楽用耐久財,,4,False,False,False,False,False,False
9061,学習用机,教養娯楽,教養娯楽用耐久財,,3,False,False,False,False,True,False
9111,ボールペン,教養娯楽,教養娯楽用品,文房具,5,False,False,False,False,True,False
9121,ノートブック,教養娯楽,教養娯楽用品,文房具,11,False,False,False,False,True,False
9129,はさみ,教養娯楽,教養娯楽用品,文房具,5,False,False,False,False,True,False
9142,ゴルフクラブ,教養娯楽,教養娯楽用品,運動用具類,8,False,False,False,False,False,False
9141,グローブ,教養娯楽,教養娯楽用品,運動用具類,1,False,False,False,False,False,False
9143,テニスラケット,教養娯楽,教養娯楽用品,運動用具類,3,False,False,False,False,False,False
9144,釣ざお,教養娯楽,教養娯楽用品,運動用具類,4,False,False,False,False,False,False
9145,トレーニングパンツ,教養娯楽,教養娯楽用品,運動用具類,16,False,False,False,False,False,False
9149,水着,教養娯楽,教養娯楽用品,運動用具類,7,False,False,False,False,False,False
9140,競技用靴,教養娯楽,教養娯楽用品,運動用具類,9,False,False,False,False,False,False
9154,家庭用ゲーム機,教養娯楽,教養娯楽用品,玩具,4,False,False,False,False,False,False
9156,ゲームソフト,教養娯楽,教養娯楽用品,玩具,6,False,False,False,False,False,False
9151,人形,教養娯楽,教養娯楽用品,玩具,3,False,False,False,False,False,False
9152,玩具自動車,教養娯楽,教養娯楽用品,玩具,5,False,False,False,False,False,False
9153,組立玩具,教養娯楽,教養娯楽用品,玩具,8,False,False,False,False,False,False
9181,切り花（カーネーション）,教養娯楽,教養娯楽用品,切り花,4,False,False,False,False,False,False
9182,切り花（きく）,教養娯楽,教養娯楽用品,切り花,14,False,False,False,False,False,False
9183,切り花（バラ）,教養娯楽,教養娯楽用品,切り花,7,False,False,False,False,False,False
9199,メモリーカード,教養娯楽,教養娯楽用品,他の教養娯楽用品,2,False,False,False,False,False,False
9172,コンパクトディスク,教養娯楽,教養娯楽用品,他の教養娯楽用品,3,False,False,False,False,False,False
9174,ビデオソフト,教養娯楽,教養娯楽用品,他の教養娯楽用品,3,False,False,False,False,False,False
9193,ペットフード（ドッグフード）,教養娯楽,教養娯楽用品,他の教養娯楽用品,12,False,False,False,False,False,False
9196,ペットフード（キャットフード）,教養娯楽,教養娯楽用品,他の教養娯楽用品,12,False,False,False,False,False,False
9185,ペットトイレ用品,教養娯楽,教養娯楽用品,他の教養娯楽用品,17,False,False,False,False,False,False
9184,鉢植え,教養娯楽,教養娯楽用品,他の教養娯楽用品,11,False,False,False,False,False,False
9190,園芸用土,教養娯楽,教養娯楽用品,他の教養娯楽用品,5,False,False,False,False,False,False
9189,園芸用肥料,教養娯楽,教養娯楽用品,他の教養娯楽用品,8,False,False,False,False,False,False
9195,電池,教養娯楽,教養娯楽用品,他の教養娯楽用品,6,False,False,False,False,False,False
9128,プリンタ用インク,教養娯楽,教養娯楽用品,他の教養娯楽用品,6,False,False,False,False,False,False
9204,新聞代（地方・ブロック紙）,教養娯楽,書籍・他の印刷物,新聞代,34,False,False,False,False,False,False
9205,新聞代（全国紙）,教養娯楽,書籍・他の印刷物,新聞代,43,False,False,False,False,False,False
9226,月刊誌,教養娯楽,書籍・他の印刷物,雑誌,7,False,False,False,False,False,False
9230,週刊誌,教養娯楽,書籍・他の印刷物,雑誌,2,False,False,False,False,False,False
9261,単行本Ａ,教養娯楽,書籍・他の印刷物,書籍,11,False,False,False,False,False,False
9263,単行本Ｂ,教養娯楽,書籍・他の印刷物,書籍,14,False,False,False,False,False,False
9300,宿泊料,教養娯楽,教養娯楽サービス,宿泊料,81,False,False,False,False,False,False
9305,外国パック旅行費,教養娯楽,教養娯楽サービス,パック旅行費,25,False,False,False,False,False,False
9328,講習料（英会話）,教養娯楽,教養娯楽サービス,月謝類,11,False,False,False,False,False,False
9329,講習料（書道）,教養娯楽,教養娯楽サービス,月謝類,9,False,False,False,False,False,False
9326,講習料（音楽）,教養娯楽,教養娯楽サービス,月謝類,16,False,False,False,False,False,False
9319,講習料（ダンス）,教養娯楽,教養娯楽サービス,月謝類,9,False,False,False,False,False,False
9313,講習料（水泳）,教養娯楽,教養娯楽サービス,月謝類,28,False,False,False,False,False,False
9343,講習料（体育）,教養娯楽,教養娯楽サービス,月謝類,7,False,False,False,False,False,False
9320,自動車教習料,教養娯楽,教養娯楽サービス,月謝類,10,False,False,False,False,False,False
9330,放送受信料（ＮＨＫ）,教養娯楽,教養娯楽サービス,放送受信料,42,False,False,False,False,False,True
9368,放送受信料（ケーブル）,教養娯楽,教養娯楽サービス,放送受信料,33,False,False,False,False,False,True
9367,放送受信料（ＮＨＫ・ケーブル以外）,教養娯楽,教養娯楽サービス,放送受信料,6,False,False,False,False,False,True
9341,映画観覧料,教養娯楽,教養娯楽サービス,入場・観覧・ゲーム代,9,False,False,False,False,False,False
9342,演劇観覧料,教養娯楽,教養娯楽サービス,入場・観覧・ゲーム代,7,False,False,False,False,False,False
9345,サッカー観覧料,教養娯楽,教養娯楽サービス,入場・観覧・ゲーム代,1,False,False,False,False,False,False
9350,プロ野球観覧料,教養娯楽,教養娯楽サービス,入場・観覧・ゲーム代,4,False,False,False,False,False,False
9353,ゴルフ練習料金,教養娯楽,教養娯楽サービス,入場・観覧・ゲーム代,6,False,False,False,False,False,False
9357,ゴルフプレー料金,教養娯楽,教養娯楽サービス,入場・観覧・ゲーム代,26,False,False,False,False,False,False
9361,ボウリングゲーム代,教養娯楽,教養娯楽サービス,入場・観覧・ゲーム代,3,False,False,False,False,False,False
9359,プール使用料,教養娯楽,教養娯楽サービス,入場・観覧・ゲーム代,3,False,False,False,False,False,False
9362,フィットネスクラブ使用料,教養娯楽,教養娯楽サービス,入場・観覧・ゲーム代,17,False,False,False,False,False,False
9374,文化施設入場料,教養娯楽,教養娯楽サービス,入場・観覧・ゲーム代,6,False,False,False,False,False,False
9372,テーマパーク入場料,教養娯楽,教養娯楽サービス,入場・観覧・ゲーム代,13,False,False,False,False,False,False
9395,カラオケルーム使用料,教養娯楽,教養娯楽サービス,入場・観覧・ゲーム代,3,False,False,False,False,False,False
9381,写真撮影代,教養娯楽,教養娯楽サービス,他の娯楽サービス,10,False,False,False,False,False,False
9391,ビデオソフトレンタル料,教養娯楽,教養娯楽サービス,他の娯楽サービス,3,False,False,False,False,False,False
9397,インターネット接続料,教養娯楽,教養娯楽サービス,他の娯楽サービス,88,False,False,False,False,False,True
9403,ウェブコンテンツ利用料,教養娯楽,教養娯楽サービス,他の娯楽サービス,5,False,False,False,False,False,True
9396,獣医代,教養娯楽,教養娯楽サービス,他の娯楽サービス,24,False,False,False,False,False,False
9188,ペット美容院代,教養娯楽,教養娯楽サービス,他の娯楽サービス,9,False,False,False,False,False,False
9504,入浴料,諸雑費,理美容サービス,,9,False,False,False,False,False,False
9511,理髪料,諸雑費,理美容サービス,,26,False,False,False,False,False,False
9521,パーマネント代,諸雑費,理美容サービス,,17,False,False,False,False,False,False
9531,カット代,諸雑費,理美容サービス,,34,False,False,False,False,False,False
9532,ヘアカラーリング代,諸雑費,理美容サービス,,15,False,False,False,False,False,False
9505,エステティック料金,諸雑費,理美容サービス,,9,False,False,False,False,False,False
9602,電気かみそり,諸雑費,理美容用品,理容器具,6,False,False,False,False,False,False
9611,歯ブラシ,諸雑費,理美容用品,理容器具,6,False,False,False,False,False,False
9621,手洗い用石けん,諸雑費,理美容用品,石けん類,5,False,False,False,False,False,False
9626,ボディーソープ,諸雑費,理美容用品,石けん類,5,False,False,False,False,False,False
9627,洗顔料,諸雑費,理美容用品,石けん類,5,False,False,False,False,False,False
9628,クレンジング,諸雑費,理美容用品,石けん類,4,False,False,False,False,False,False
9622,シャンプー,諸雑費,理美容用品,石けん類,11,False,False,False,False,False,False
9624,ヘアコンディショナー,諸雑費,理美容用品,石けん類,8,False,False,False,False,False,False
9623,歯磨き,諸雑費,理美容用品,石けん類,10,False,False,False,False,False,False
9631,整髪料,諸雑費,理美容用品,化粧品,7,False,False,False,False,False,False
9641,養毛剤,諸雑費,理美容用品,化粧品,6,False,False,False,False,False,False
9650,化粧クリームＡ,諸雑費,理美容用品,化粧品,20,False,False,False,False,False,False
9652,化粧クリームＢ,諸雑費,理美容用品,化粧品,5,False,False,False,False,False,False
9660,化粧水Ａ,諸雑費,理美容用品,化粧品,16,False,False,False,False,False,False
9661,化粧水Ｂ,諸雑費,理美容用品,化粧品,5,False,False,False,False,False,False
9690,乳液Ａ,諸雑費,理美容用品,化粧品,7,False,False,False,False,False,False
9692,乳液Ｂ,諸雑費,理美容用品,化粧品,2,False,False,False,False,False,False
9670,ファンデーションＡ,諸雑費,理美容用品,化粧品,11,False,False,False,False,False,False
9672,ファンデーションＢ,諸雑費,理美容用品,化粧品,2,False,False,False,False,False,False
9680,口紅Ａ,諸雑費,理美容用品,化粧品,3,False,False,False,False,False,False
9682,口紅Ｂ,諸雑費,理美容用品,化粧品,2,False,False,False,False,False,False
9625,ヘアカラーリング剤,諸雑費,理美容用品,化粧品,9,False,False,False,False,False,False
9693,美容液,諸雑費,理美容用品,化粧品,8,False,False,False,False,False,False
9721,バッグＡ,諸雑費,身の回り用品,かばん類,14,False,False,False,False,False,False
9722,バッグＢ,諸雑費,身の回り用品,かばん類,16,False,False,False,False,False,False
9711,通学用かばん,諸雑費,身の回り用品,かばん類,9,False,False,False,False,True,False
9731,旅行用かばん,諸雑費,身の回り用品,かばん類,5,False,False,False,False,False,False
9741,指輪,諸雑費,身の回り用品,腕時計・指輪,4,False,False,False,False,False,False
9751,腕時計,諸雑費,身の回り用品,腕時計・指輪,9,False,False,False,False,False,False
9701,傘,諸雑費,身の回り用品,他の身の回り用品,5,False,False,False,False,False,False
9761,ハンカチーフ,諸雑費,身の回り用品,他の身の回り用品,3,False,False,False,False,False,False
9799,たばこ（国産品）,諸雑費,たばこ,,20,False,False,False,False,False,False
9798,たばこ（輸入品）,諸雑費,たばこ,,20,False,False,False,False,False,False
9960,葬儀料,諸雑費,他の諸雑費,,31,False,False,False,False,False,False
9928,傷害保険料,諸雑費,他の諸雑費,,119,False,False,False,False,False,False
9921,保育所保育料,諸雑費,他の諸雑費,,52,False,False,False,False,False,False
9951,学童保育料,諸雑費,他の諸雑費,,7,False,False,False,False,False,False
9914,介護料,諸雑費,他の諸雑費,,19,False,False,False,False,False,False
9901,行政証明書手数料,諸雑費,他の諸雑費,,2,False,False,False,False,False,False
9912,パスポート取得料,諸雑費,他の諸雑費,,1,False,False,False,False,False,False
9920,振込手数料,諸雑費,他の諸雑費,,1,False,False,False,False,False,False
9931,警備料,諸雑費,他の諸雑費,,2,False,False,False,False,False,False
